date, 회사명, 직무, URL, 경력,위치,지원방식in2023-11-30,㈜아워홈,2023년 하반기 아워홈 신입사원 공개채용,https://www.jobkorea.co.kr /Recruit/GI_Read/43352265?Oem_Code=C1&logpath=1&stext=키워드 데이터 분석&listno=1,신입,서울,홈페이지 지원
2023-11-30,㈜오토핸즈,[오토핸즈X올카] 각 부문 채용 (기획/마케팅/웹개발/렌터카기획/중고차영업관리),https://www.jobkorea.co.kr /Recruit/GI_Read/43424882?Oem_Code=C1&logpath=1&stext=키워드 데이터 분석&listno=2,경력2년↑,서울,즉시지원
2023-11-30,바텍엠시스,2023년 하반기 각 부분별 신입/경력사원 모집,https://www.jobkorea.co.kr /Recruit/GI_Read/43398611?Oem_Code=C1&logpath=1&stext=키워드 데이터 분석&listno=3,신입·경력,서울,즉시지원
2023-11-30,현대자동차㈜,현대자동차 경력직 채용 사업/기획 경영지원 디자인 부문,https://www.jobkorea.co.kr /Recruit/GI_Read/43411949?Oem_Code=C1&logpath=1&stext=키워드 데이터 분석&listno=4,경력,서울,홈페이지 지원
2023-11-30,㈜이덕아이앤씨,[알레르망] 2023년 하반기 공채 모집,https://www.jobkorea.co.kr /Recruit/GI_Read/43395591?Oem_Code=C1&logpath=1&stext=키워드 데이터 분석&listno=5,신입·경력,서울,즉시지원
2023-11-30,한솔생명과학㈜,2023년 화장품 각 부문 정규직 채용,https://www.jobkorea.co.kr /Recruit/GI_Read/43262328?Oem_Code=C1&logpath=1&stext=키워드 데이터 분석&listno=6,신입·경력,경기,즉시지원
2023-11-30,동국제약㈜,각 부문 신입/경력 채용,https://www.jobkorea.co.kr /Recruit/GI_Read/43408613?Oem_Code=C1&logpath=1&stext=키워드 데이터 분석&listno=7,신입·경력,서울,홈페이지 지원
2023-11-30,㈜슈피겐코리아,슈피겐코리아 채용연계형 인턴/경력직 공개채용,https://www.jobkorea.co.kr /Recruit/GI_Read/43395672?Oem_Code=C1&logpath=1&stext=키워드 데이터 분석&listno=8,신입·경력3년↑,서울,즉시지원
2023-11-30,더오름,[더오름 : 그로스팀] 기본급 보장 하는 만큼 벌어가는 마케터 / 마케팅 사업부 크루원 모집,https://www.jobkorea.co.kr /Recruit/GI_Read/43378395?Oem_Code=C1&logpath=1&stext=키워드 데이터 분석&listno=9,신입·경력,경기,즉시지원
2023-11-30,코오롱그룹,2023년 코오롱그룹 11월 정기공채,https://www.jobkorea.co.kr /Recruit/GI_Read/43336843?Oem_Code=C1&logpath=1&stext=키워드 데이터 분석&listno=10,경력,경기,홈페이지 지원
2023-11-30,㈜해커스어학원,2023년 해커스교육그룹 신입 및 경력사원 채용,https://www.jobkorea.co.kr /Recruit/GI_Read/43215420?Oem_Code=C1&logpath=1&stext=키워드 데이터 분석&listno=11,신입·경력,서울,즉시지원
2023-11-30,㈜사이냅소프트,[2023년 신입·경력 공개채용] 각 부문별 채용,https://www.jobkorea.co.kr /Recruit/GI_Read/43180816?Oem_Code=C1&logpath=1&stext=키워드 데이터 분석&listno=12,신입·경력,서울,홈페이지 지원
2023-11-30,아이헤이트플라잉버그스㈜,[12월 대규모 채용] 예비유니콘 스타트업 밀당PT,https://www.jobkorea.co.kr /Recruit/GI_Read/43437417?Oem_Code=C1&logpath=1&stext=키워드 데이터 분석&listno=13,신입·경력,서울,즉시지원
2023-11-30,㈜아임반,[브랜드MD] 자동차 오픈마켓MD 채용,https://www.jobkorea.co.kr /Recruit/GI_Read/43433354?Oem_Code=C1&logpath=1&stext=키워드 데이터 분석&listno=14,경력3년↑,서울,즉시지원
2023-11-30,어드밴텍케이알㈜,2023년 하반기 어드밴텍케이알㈜ 신입/경력 채용,https://www.jobkorea.co.kr /Recruit/GI_Read/43428629?Oem_Code=C1&logpath=1&stext=키워드 데이터 분석&listno=15,신입·경력,서울,즉시지원
2023-11-30,엘에스이노베이션,각 부문 채용 - (CS.사무보조/입금관리 및 정산/광고영업/백엔드 개발자/웹퍼블리셔/웹디자이너),https://www.jobkorea.co.kr /Recruit/GI_Read/43253449?Oem_Code=C1&logpath=1&stext=키워드 데이터 분석&listno=16,신입·경력,서울,즉시지원
2023-11-30,디캐이,2023년 하반기 부문별 채용,https://www.jobkorea.co.kr /Recruit/GI_Read/43431348?Oem_Code=C1&logpath=1&stext=키워드 데이터 분석&listno=17,신입·경력,서울,즉시지원
2023-11-30,자코모,[마케팅/기획팀] 마케팅 운영 파트(광고기획집행 및 TF 추진) 채용,https://www.jobkorea.co.kr /Recruit/GI_Read/43405352?Oem_Code=C1&logpath=1&stext=키워드 데이터 분석&listno=18,경력무관,서울,즉시지원
2023-11-30,KB공인중개사사무소,분양매니저 [강남동탄신도시 신규현장 월750만 이상 기본급인센티브],https://www.jobkorea.co.kr /Recruit/GI_Read/43144209?Oem_Code=C1&logpath=1&stext=키워드 데이터 분석&listno=19,신입·경력,서울,즉시지원
2023-11-30,㈜메이드코퍼레이션,디지털 마케팅 기획자(콘텐츠 개발) / 브랜드 마케터 - 경력직 채용,https://www.jobkorea.co.kr /Recruit/GI_Read/43429914?Oem_Code=C1&logpath=1&stext=키워드 데이터 분석&listno=20,경력2년↑,서울,즉시지원
2023-11-30,㈜브이에스컴퍼니,[케이맥스] 각분야별 신입/경력 모집 (MD/디자이너/영업),https://www.jobkorea.co.kr /Recruit/GI_Read/43421924?Oem_Code=C1&logpath=1&stext=키워드 데이터 분석&listno=21,신입·경력,경기,즉시지원
2023-11-30,㈜트리즈커머스,[MCN커머스] 커머스매니저 / 콘텐츠기획 / 영업매니저 / CS매니저 각 직무 별 채용,https://www.jobkorea.co.kr /Recruit/GI_Read/43422262?Oem_Code=C1&logpath=1&stext=키워드 데이터 분석&listno=22,신입·경력,서울,즉시지원
2023-11-30,㈜본투윈,[부문별 채용] 콘텐츠마케터/패션디자이너/CX매니저/온라인MD/기획 MD,https://www.jobkorea.co.kr /Recruit/GI_Read/43418179?Oem_Code=C1&logpath=1&stext=키워드 데이터 분석&listno=23,경력무관,경기,즉시지원
2023-11-30,㈜삼원색,㈜삼원색 [에스핏] 아동복(키즈 주니어) 패션 디자이너 패션 브랜드 마케팅 의류 생산관리 아동복 품질관리(QC) 경력 채용 공고,https://www.jobkorea.co.kr /Recruit/GI_Read/43408587?Oem_Code=C1&logpath=1&stext=키워드 데이터 분석&listno=24,신입·경력3년↑,서울,즉시지원
2023-11-30,㈜딤커뮤니케이션,이커머스 기획자(마케터)/총무 부문 채용,https://www.jobkorea.co.kr /Recruit/GI_Read/43405799?Oem_Code=C1&logpath=1&stext=키워드 데이터 분석&listno=25,경력무관,서울,즉시지원
2023-11-30,에끌라두,교육강사 / 마케팅기획 / 세일즈(영업) [경력/신입] 채용,https://www.jobkorea.co.kr /Recruit/GI_Read/43389372?Oem_Code=C1&logpath=1&stext=키워드 데이터 분석&listno=26,신입·경력,서울,즉시지원
2023-11-30,㈜바운스,[실내테마파크] (주)바운스 신입 및 경력직 채용,https://www.jobkorea.co.kr /Recruit/GI_Read/43364910?Oem_Code=C1&logpath=1&stext=키워드 데이터 분석&listno=27,신입·경력,서울,즉시지원
2023-11-30,㈜디자인제이엔케이,인테리어 디자이너 / B2B 영업 마켓팅 경력직 채용,https://www.jobkorea.co.kr /Recruit/GI_Read/43331089?Oem_Code=C1&logpath=1&stext=키워드 데이터 분석&listno=28,경력5년↑,서울,즉시지원
2023-11-30,㈜핫셀러,[인스타그램 광고 대행사 1위 핫셀러] 인스타그램 광고 영업/마케팅/기획/실행,https://www.jobkorea.co.kr /Recruit/GI_Read/43253278?Oem_Code=C1&logpath=1&stext=키워드 데이터 분석&listno=29,경력무관,서울,즉시지원
2023-11-30,㈜중앙,[기본급/추가인센] 비영리 컨설팅 법인영업부 채용공고,https://www.jobkorea.co.kr /Recruit/GI_Read/43218289?Oem_Code=C1&logpath=1&stext=키워드 데이터 분석&listno=30,경력무관,경기,즉시지원
2023-11-30,에이지에스,에이지에스 온라인 MD / 물류관리 정규직 채용,https://www.jobkorea.co.kr /Recruit/GI_Read/43430107?Oem_Code=C1&logpath=1&stext=키워드 데이터 분석&listno=31,신입·경력3년↑,경기,즉시지원
2023-11-30,(유)이프로애드,[네이버 공식광고대행사] 이프로애드 디지털 마케터 경력직AE 특별채용,https://www.jobkorea.co.kr /Recruit/GI_Read/43364956?Oem_Code=C1&logpath=1&stext=키워드 데이터 분석&listno=32,경력1년↑,서울,즉시지원
2023-11-30,㈜에스엠씨인터내셔널,[디저트39] Cafe프랜차이즈 본사 가맹점 슈퍼바이저 및 오픈바이저 채용,https://www.jobkorea.co.kr /Recruit/GI_Read/43422882?Oem_Code=C1&logpath=1&stext=키워드 데이터 분석&listno=33,경력무관,서울,즉시지원
2023-11-30,진경산업㈜,[고든램지 레스토랑 코리아] 본사 각부서별 채용,https://www.jobkorea.co.kr /Recruit/GI_Read/43419352?Oem_Code=C1&logpath=1&stext=키워드 데이터 분석&listno=34,경력3년↑,경기,즉시지원
2023-11-30,㈜에스엠씨인터내셔널,[디저트39] 2023년도 각 부문 공개 채용,https://www.jobkorea.co.kr /Recruit/GI_Read/43396315?Oem_Code=C1&logpath=1&stext=키워드 데이터 분석&listno=35,신입·경력1년↑,경기,즉시지원
2023-11-30,㈜이엠넷,디지털광고 디자이너 `팀장/경력` 채용 [서울본사],https://www.jobkorea.co.kr /Recruit/GI_Read/43382207?Oem_Code=C1&logpath=1&stext=키워드 데이터 분석&listno=36,경력,서울,즉시지원
2023-11-30,㈜이엠넷,디지털전략AE/AP 카피라이터 CW 미디어실 경력직 채용[서울본사],https://www.jobkorea.co.kr /Recruit/GI_Read/43382174?Oem_Code=C1&logpath=1&stext=키워드 데이터 분석&listno=37,경력,서울,즉시지원
2023-11-30,㈜이엠넷,[서울본사] 디지털마케팅 AE 경력직 및 AE 관리자 채용,https://www.jobkorea.co.kr /Recruit/GI_Read/43382161?Oem_Code=C1&logpath=1&stext=키워드 데이터 분석&listno=38,경력,서울,즉시지원
2023-11-30,㈜이엔에스코리아,[이엔에스코리아] 브랜드사업부 실무 담당자를 모집합니다.,https://www.jobkorea.co.kr /Recruit/GI_Read/43370606?Oem_Code=C1&logpath=1&stext=키워드 데이터 분석&listno=39,경력1년↑,서울,즉시지원
2023-11-30,㈜이엔에스코리아,[이엔에스코리아] 부서별 실무 담당인재를 모집합니다.,https://www.jobkorea.co.kr /Recruit/GI_Read/43326563?Oem_Code=C1&logpath=1&stext=키워드 데이터 분석&listno=40,경력1년↑,경기,즉시지원
2023-11-30,㈜신지모루,[신입/경력] 아마존 MD / AMD 해외 온라인 판매 관리자 모집,https://www.jobkorea.co.kr /Recruit/GI_Read/43313871?Oem_Code=C1&logpath=1&stext=키워드 데이터 분석&listno=41,신입·경력2년↑,서울,즉시지원
2023-11-30,㈜에스엠씨인터내셔널,[디저트39] 바이럴마케터 팀장급 채용,https://www.jobkorea.co.kr /Recruit/GI_Read/43259084?Oem_Code=C1&logpath=1&stext=키워드 데이터 분석&listno=42,경력5년↑,서울,즉시지원
2023-11-30,㈜이엔에스코리아,[이엔에스코리아] 부서별 실무 담당인재를 모집합니다.,https://www.jobkorea.co.kr /Recruit/GI_Read/43236027?Oem_Code=C1&logpath=1&stext=키워드 데이터 분석&listno=43,경력1년↑,서울,즉시지원
2023-11-30,진경산업㈜,[고든램지 레스토랑 코리아] 마케팅팀 경력 사원 모집,https://www.jobkorea.co.kr /Recruit/GI_Read/43170116?Oem_Code=C1&logpath=1&stext=키워드 데이터 분석&listno=44,경력3년↑,경기,즉시지원
2023-11-30,주식회사 룩캐스트,[패션브랜드] 룩캐스트(LOOKAST) 각 부문 하반기 채용공고,https://www.jobkorea.co.kr /Recruit/GI_Read/43150023?Oem_Code=C1&logpath=1&stext=키워드 데이터 분석&listno=45,신입·경력3년↑,서울,즉시지원
2023-11-30,㈜MJ플렉스,[금요일 4시퇴근] MJ플렉스 IT 사업본부 서비스기획팀 팀장급 모집,https://www.jobkorea.co.kr /Recruit/GI_Read/43145765?Oem_Code=C1&logpath=1&stext=키워드 데이터 분석&listno=46,경력7년↑,서울,즉시지원
2023-11-30,㈜애드이피션시,[글로벌] 디지털 퍼포먼스 광고 경력 & 인턴 AE 모집,https://www.jobkorea.co.kr /Recruit/GI_Read/43038272?Oem_Code=C1&logpath=1&stext=키워드 데이터 분석&listno=47,경력,서울,즉시지원
2023-11-30,㈜제우인터내셔날,[리드미컬 플래닛] Y2K 걸리쉬 캐주얼 패션브랜드 마케팅 채용,https://www.jobkorea.co.kr /Recruit/GI_Read/43442386?Oem_Code=C1&logpath=1&stext=키워드 데이터 분석&listno=48,경력3년↑,서울,즉시지원
2023-11-30,㈜조인스엠,(주)조인스엠 마케팅팀 신입사원 채용공고,https://www.jobkorea.co.kr /Recruit/GI_Read/43438324?Oem_Code=C1&logpath=1&stext=키워드 데이터 분석&listno=49,신입,서울,즉시지원
2023-11-30,㈜키오스킨,2023년 글로벌 뷰티 기업 키오스킨 부문별 경력/신입 공개채용 - MD 해외영업 SNS콘텐츠 영업지원,https://www.jobkorea.co.kr /Recruit/GI_Read/43435788?Oem_Code=C1&logpath=1&stext=키워드 데이터 분석&listno=50,신입·경력,서울,즉시지원
2023-11-30,㈜중앙애드넷아이엔씨,광고 마케팅 운영자 신입 정규직 모집,https://www.jobkorea.co.kr /Recruit/GI_Read/43420857?Oem_Code=C1&logpath=1&stext=키워드 데이터 분석&listno=51,신입,서울,즉시지원
2023-11-30,㈜인라이플,[주4.5일근무] IT 광고 전략 기획자 채용,https://www.jobkorea.co.kr /Recruit/GI_Read/43388959?Oem_Code=C1&logpath=1&stext=키워드 데이터 분석&listno=52,경력3년↑,서울,즉시지원
2023-11-30,㈜제우인터내셔날,[디자이너브랜드 - 르메메] 마케팅팀 담당자 채용,https://www.jobkorea.co.kr /Recruit/GI_Read/43393843?Oem_Code=C1&logpath=1&stext=키워드 데이터 분석&listno=53,경력3년↑,서울,즉시지원
2023-11-30,㈜케이지에듀원,[KG에듀원] B2C 플랫폼 콘텐츠 상품 기획 / 마케팅 담당자 경력직(팀장/팀원),https://www.jobkorea.co.kr /Recruit/GI_Read/43378338?Oem_Code=C1&logpath=1&stext=키워드 데이터 분석&listno=54,경력3년↑,서울,즉시지원
2023-11-30,오상자이엘 ㈜,각 부문별 신입 및 경력직 채용,https://www.jobkorea.co.kr /Recruit/GI_Read/43364733?Oem_Code=C1&logpath=1&stext=키워드 데이터 분석&listno=55,신입·경력,인천,즉시지원
2023-11-30,㈜닷밀,[닷밀] 브랜드 마케터 경력직 채용,https://www.jobkorea.co.kr /Recruit/GI_Read/43298069?Oem_Code=C1&logpath=1&stext=키워드 데이터 분석&listno=56,경력2년↑,서울,즉시지원
2023-11-30,㈜차이커뮤니케이션,차이커뮤니케이션 컬쳐팀 채용,https://www.jobkorea.co.kr /Recruit/GI_Read/43247669?Oem_Code=C1&logpath=1&stext=키워드 데이터 분석&listno=57,경력무관,서울,즉시지원
2023-11-30,㈜에이엠피엠글로벌,연 3000만성과급 별도 11월 마케터 신입 공개채용,https://www.jobkorea.co.kr /Recruit/GI_Read/43265857?Oem_Code=C1&logpath=1&stext=키워드 데이터 분석&listno=58,신입,서울,즉시지원
2023-11-30,㈜DYB최선어학원,[직영] 23년 신학기 각 부문 STAFF 모집,https://www.jobkorea.co.kr /Recruit/GI_Read/43246599?Oem_Code=C1&logpath=1&stext=키워드 데이터 분석&listno=59,신입·경력,서울,즉시지원
2023-11-30,㈜이든앤앨리스마케팅,이든앤앨리스마케팅 마케팅AE 경력직 채용,https://www.jobkorea.co.kr /Recruit/GI_Read/43223694?Oem_Code=C1&logpath=1&stext=키워드 데이터 분석&listno=60,경력1년↑,서울,즉시지원
2023-11-30,㈜헥토이노베이션,헥토이노베이션 직군별 인재 모집(서비스기획/사업기획/개발/UX/UI 등),https://www.jobkorea.co.kr /Recruit/GI_Read/43089629?Oem_Code=C1&logpath=1&stext=키워드 데이터 분석&listno=61,신입·경력,서울,홈페이지 지원
2023-11-30,허브넷굿컴퍼니닷컴,퍼포먼스 마케터 신입/경력 채용 [네이버 카카오 공식대행사 허브넷굿컴퍼니닷컴(주)],https://www.jobkorea.co.kr /Recruit/GI_Read/43181052?Oem_Code=C1&logpath=1&stext=키워드 데이터 분석&listno=62,경력무관,서울,즉시지원
2023-11-30,㈜씨너지아이앤티,건강기능식품[마케팅/이커머스MD] 담당자 모집 (신입/경력),https://www.jobkorea.co.kr /Recruit/GI_Read/43175941?Oem_Code=C1&logpath=1&stext=키워드 데이터 분석&listno=63,신입·경력,서울,즉시지원
2023-11-30,㈜유니에스,[언론사/충정로/중식대지급] 한국경제TV 플랫폼사업부 사무보조 채용,https://www.jobkorea.co.kr /Recruit/GI_Read/43134648?Oem_Code=C1&logpath=1&stext=키워드 데이터 분석&listno=64,경력무관,서울,즉시지원
2023-11-30,㈜유니에스,[언론사/충정로/중식대지급] 한국경제TV 와우넷부 마케팅/홍보/기획 사무직원 채용,https://www.jobkorea.co.kr /Recruit/GI_Read/43122924?Oem_Code=C1&logpath=1&stext=키워드 데이터 분석&listno=65,경력무관,서울,즉시지원
2023-11-30,㈜더에스엠씨그룹,[기획직군] AE(콘텐츠기획) 경력 채용,https://www.jobkorea.co.kr /Recruit/GI_Read/43083741?Oem_Code=C1&logpath=1&stext=키워드 데이터 분석&listno=66,경력,서울,즉시지원
2023-11-30,중고나라,[중고나라] 검색 개발자 채용(3년 이상),https://www.jobkorea.co.kr /Recruit/GI_Read/43431361?Oem_Code=C1&logpath=1&stext=키워드 데이터 분석&listno=67,신입·경력3년↑,서울,홈페이지 지원
2023-11-30,중고나라,[중고나라] 검색 개발자 채용 (신입),https://www.jobkorea.co.kr /Recruit/GI_Read/43431433?Oem_Code=C1&logpath=1&stext=키워드 데이터 분석&listno=68,신입·경력,서울,홈페이지 지원
2023-11-30,㈜야나두,[야나두(야핏)] 퍼포먼스 마케터 경력직 채용,https://www.jobkorea.co.kr /Recruit/GI_Read/43421310?Oem_Code=C1&logpath=1&stext=키워드 데이터 분석&listno=69,경력3년↑,서울,즉시지원
2023-11-30,㈜애드이피션시,[인턴모집] 디지털 퍼포먼스광고 AE 24년 인턴 공채,https://www.jobkorea.co.kr /Recruit/GI_Read/43408505?Oem_Code=C1&logpath=1&stext=키워드 데이터 분석&listno=70,신입,서울,즉시지원
2023-11-30,㈜에이피알,패션브랜드 널디(NERDY) 인턴 및 경력사원 채용,https://www.jobkorea.co.kr /Recruit/GI_Read/43380359?Oem_Code=C1&logpath=1&stext=키워드 데이터 분석&listno=71,경력2년↑,서울,홈페이지 지원
2023-11-30,인크로스㈜,[SK그룹-인크로스(자회사 마인드노크)] 퍼포먼스마케터 경력직 채용,https://www.jobkorea.co.kr /Recruit/GI_Read/43373509?Oem_Code=C1&logpath=1&stext=키워드 데이터 분석&listno=72,경력2년↑,서울,즉시지원
2023-11-30,지멘스헬시니어스㈜,[지멘스 헬시니어스] Customer Service Representative Intern,https://www.jobkorea.co.kr /Recruit/GI_Read/43367097?Oem_Code=C1&logpath=1&stext=키워드 데이터 분석&listno=73,신입,서울,홈페이지 지원
2023-11-30,㈜여의시스템,산업용 비전 처리 S/W 개발 AI 가속기 처리 S/W 개발 경력사원 모집 (중장년층 지원 환영),https://www.jobkorea.co.kr /Recruit/GI_Read/43366534?Oem_Code=C1&logpath=1&stext=키워드 데이터 분석&listno=74,경력5년↑,경기,즉시지원
2023-11-30,㈜넥슨,[라이브본부] 커뮤니티 분석전문가,https://www.jobkorea.co.kr /Recruit/GI_Read/43365958?Oem_Code=C1&logpath=1&stext=키워드 데이터 분석&listno=75,경력4년↑,경기,홈페이지 지원
2023-11-30,㈜함파트너스,[함파트너스] 퍼포먼스 마케팅(SA) 인재 채용,https://www.jobkorea.co.kr /Recruit/GI_Read/43365252?Oem_Code=C1&logpath=1&stext=키워드 데이터 분석&listno=76,경력1년↑,서울,즉시지원
2023-11-30,㈜엠제이플렉스,[퍼포먼스 마케터] 남성 코스메틱 브랜드/캠페인운영/데이터분석/광고채널분석/성동구,https://www.jobkorea.co.kr /Recruit/GI_Read/43361679?Oem_Code=C1&logpath=1&stext=키워드 데이터 분석&listno=77,경력무관,서울,즉시지원
2023-11-30,원스토어,원스토어 커뮤니케이션 전략 담당자 채용,https://www.jobkorea.co.kr /Recruit/GI_Read/43325461?Oem_Code=C1&logpath=1&stext=키워드 데이터 분석&listno=78,경력5년↑,경기,즉시지원
2023-11-30,셰어하우스우주㈜,[입사축하금 1백] 컨텐츠 마케터 주니어 모집 공고 (재택근무 일 7시간 근무제),https://www.jobkorea.co.kr /Recruit/GI_Read/43325453?Oem_Code=C1&logpath=1&stext=키워드 데이터 분석&listno=79,신입·경력2년↑,서울,즉시지원
2023-11-30,사회복지법인 한국컴패션,[한국컴패션] 퍼포먼스 마케팅 담당 (정규직),https://www.jobkorea.co.kr /Recruit/GI_Read/43317771?Oem_Code=C1&logpath=1&stext=키워드 데이터 분석&listno=80,경력3년↑,서울,홈페이지 지원
2023-11-30,㈜이스트게임즈,게임 마케팅/해외서비스 PM(영어)/MMORPG 사업 PM,https://www.jobkorea.co.kr /Recruit/GI_Read/43315377?Oem_Code=C1&logpath=1&stext=키워드 데이터 분석&listno=81,신입·경력,서울,홈페이지 지원
2023-11-30,㈜헥토헬스케어,[헥토헬스케어] 서비스마케팅팀 경력직 채용,https://www.jobkorea.co.kr /Recruit/GI_Read/43296537?Oem_Code=C1&logpath=1&stext=키워드 데이터 분석&listno=82,경력6년↑,서울,즉시지원
2023-11-30,㈜제이슨그룹,디지털 마케팅 퍼포먼스 AE 채용(신입/경력),https://www.jobkorea.co.kr /Recruit/GI_Read/43280395?Oem_Code=C1&logpath=1&stext=키워드 데이터 분석&listno=83,신입·경력3년↑,서울,즉시지원
2023-11-30,㈜해커스어학원,[신입/경력] 온라인 광고 마케팅(디지털마케팅(퍼포먼스 마케팅)),https://www.jobkorea.co.kr /Recruit/GI_Read/43236173?Oem_Code=C1&logpath=1&stext=키워드 데이터 분석&listno=84,신입·경력,서울,즉시지원
2023-11-30,㈜ABB코리아,[ABB 코리아] 각 부문 채용,https://www.jobkorea.co.kr /Recruit/GI_Read/43235512?Oem_Code=C1&logpath=1&stext=키워드 데이터 분석&listno=85,신입·경력,서울,홈페이지 지원
2023-11-30,㈜애드이피션시,디지털광고 영업제휴 및 미디어 채널관리 담당자 채용 [경력 2년이상],https://www.jobkorea.co.kr /Recruit/GI_Read/43237052?Oem_Code=C1&logpath=1&stext=키워드 데이터 분석&listno=86,경력2년↑,서울,즉시지원
2023-11-30,㈜하나애드아이엠씨,[하나애드]온라인 광고 인바운드 팀장 채용,https://www.jobkorea.co.kr /Recruit/GI_Read/43226378?Oem_Code=C1&logpath=1&stext=키워드 데이터 분석&listno=87,경력,서울,즉시지원
2023-11-30,㈜하나애드아이엠씨,[하나애드] 온라인 마케팅 검색광고 마케터 AE 신입/경력 채용,https://www.jobkorea.co.kr /Recruit/GI_Read/43226367?Oem_Code=C1&logpath=1&stext=키워드 데이터 분석&listno=88,경력무관,서울,즉시지원
2023-11-30,에스케이엠앤서비스,각 경력 구성원 상시 채용 (Tech 포지션-개발/운영),https://www.jobkorea.co.kr /Recruit/GI_Read/43226327?Oem_Code=C1&logpath=1&stext=키워드 데이터 분석&listno=89,경력,서울,홈페이지 지원
2023-11-30,에스케이엠앤서비스,각 경력 구성원 상시 채용 (Tech 포지션-웹풀스택),https://www.jobkorea.co.kr /Recruit/GI_Read/43226228?Oem_Code=C1&logpath=1&stext=키워드 데이터 분석&listno=90,경력,서울,홈페이지 지원
2023-11-30,에스케이엠앤서비스,각 경력 구성원 상시 채용 (Tech 포지션-서버/백앤드),https://www.jobkorea.co.kr /Recruit/GI_Read/43226179?Oem_Code=C1&logpath=1&stext=키워드 데이터 분석&listno=91,경력,서울,홈페이지 지원
2023-11-30,㈜디피허브,디지털 퍼포먼스 마케터 AE 마케팅 담당자 모집,https://www.jobkorea.co.kr /Recruit/GI_Read/43206182?Oem_Code=C1&logpath=1&stext=키워드 데이터 분석&listno=92,경력,서울,즉시지원
2023-11-30,㈜디피허브,광고 영업 기획 AE 경력 모집,https://www.jobkorea.co.kr /Recruit/GI_Read/43206143?Oem_Code=C1&logpath=1&stext=키워드 데이터 분석&listno=93,경력,서울,즉시지원
2023-11-30,엘앤티렉서스㈜,당신의 최고의 선택 L&T LEXUS - 각 분야별 모집,https://www.jobkorea.co.kr /Recruit/GI_Read/43201942?Oem_Code=C1&logpath=1&stext=키워드 데이터 분석&listno=94,신입·경력,서울,즉시지원
2023-11-30,에스케이엠앤서비스,각 경력 구성원 상시 채용,https://www.jobkorea.co.kr /Recruit/GI_Read/43158492?Oem_Code=C1&logpath=1&stext=키워드 데이터 분석&listno=95,경력,서울,홈페이지 지원
2023-11-30,㈜머스트잇,[머스트잇] Jr. Product Manager 채용,https://www.jobkorea.co.kr /Recruit/GI_Read/43136069?Oem_Code=C1&logpath=1&stext=키워드 데이터 분석&listno=96,경력4년↑,서울,즉시지원
2023-11-30,㈜애드이피션시,디지털 퍼포먼스광고 AE 특별채용 [경력-1년이상/ SA 경력자 우대],https://www.jobkorea.co.kr /Recruit/GI_Read/43038356?Oem_Code=C1&logpath=1&stext=키워드 데이터 분석&listno=97,경력1년↑,서울,즉시지원
2023-11-30,(주)엠포스,[엠포스]퍼포먼스 마케팅 AE 경력직 채용,https://www.jobkorea.co.kr /Recruit/GI_Read/43026179?Oem_Code=C1&logpath=1&stext=키워드 데이터 분석&listno=98,신입·경력1년↑,서울,즉시지원
2023-11-30,아인스미디어,[아인스미디어] 지그재그에이블리브랜디 팀장급 채용,https://www.jobkorea.co.kr /Recruit/GI_Read/43442232?Oem_Code=C1&logpath=1&stext=키워드 데이터 분석&listno=99,경력,서울,즉시지원
2023-11-30,㈜예지솔루션,[가산역 예지솔루션] 네이버 담당 디지털 마케터 AE 팀원,https://www.jobkorea.co.kr /Recruit/GI_Read/43439258?Oem_Code=C1&logpath=1&stext=키워드 데이터 분석&listno=100,신입·경력,서울,즉시지원
2023-11-30,테슬라코리아(유),[Tesla] 전국 서비스 센터 부문별 채용,https://www.jobkorea.co.kr /Recruit/GI_Read/43434366?Oem_Code=C1&logpath=1&stext=키워드 데이터 분석&listno=101,신입·경력1년↑,서울,홈페이지 지원
2023-11-30,㈜도도커뮤니케이션,AE 영업 신입/경력 동시 채용,https://www.jobkorea.co.kr /Recruit/GI_Read/43431067?Oem_Code=C1&logpath=1&stext=키워드 데이터 분석&listno=102,신입·경력,서울,즉시지원
2023-11-30,㈜도도커뮤니케이션,온라인 광고 마케터(AE) 신입/경력 동시 채용,https://www.jobkorea.co.kr /Recruit/GI_Read/43431060?Oem_Code=C1&logpath=1&stext=키워드 데이터 분석&listno=103,경력무관,서울,즉시지원
2023-11-30,링크프라이스,[범일역/정규직] 온라인 검색광고 마케터 모집,https://www.jobkorea.co.kr /Recruit/GI_Read/43426584?Oem_Code=C1&logpath=1&stext=키워드 데이터 분석&listno=104,경력무관,부산,즉시지원
2023-11-30,오픈갤러리,[경력 2년 이상] 퍼포먼스 마케터 경력직 채용,https://www.jobkorea.co.kr /Recruit/GI_Read/43422731?Oem_Code=C1&logpath=1&stext=키워드 데이터 분석&listno=105,경력2년↑,서울,즉시지원
2023-11-30,㈜에이엠피엠글로벌,연 3000만성과급 별도 12월 마케터 신입 공채,https://www.jobkorea.co.kr /Recruit/GI_Read/43422306?Oem_Code=C1&logpath=1&stext=키워드 데이터 분석&listno=106,신입·경력,서울,즉시지원
2023-11-30,아이헤이트플라잉버그스㈜,퍼포먼스 마케터 (신입),https://www.jobkorea.co.kr /Recruit/GI_Read/43421809?Oem_Code=C1&logpath=1&stext=키워드 데이터 분석&listno=107,신입,서울,즉시지원
2023-11-30,㈜쿠첸,23년 쿠첸 온라인영업팀 채용공고,https://www.jobkorea.co.kr /Recruit/GI_Read/43401887?Oem_Code=C1&logpath=1&stext=키워드 데이터 분석&listno=108,신입·경력4년↑,서울,즉시지원
2023-11-30,㈜더에스엠씨그룹,[신사업확장] 유튜브 IP 콘텐츠기획자(AE) 콘텐츠마케터 채용,https://www.jobkorea.co.kr /Recruit/GI_Read/43411315?Oem_Code=C1&logpath=1&stext=키워드 데이터 분석&listno=109,신입·경력,서울,즉시지원
2023-11-30,㈜아이씨비,[ICB] 해외송금 서비스 마케팅 채널 담당자님 모집합니다.,https://www.jobkorea.co.kr /Recruit/GI_Read/43402024?Oem_Code=C1&logpath=1&stext=키워드 데이터 분석&listno=110,신입·경력,서울,즉시지원
2023-11-30,㈜에이빌코리아,[더스킨팩토리(쿤달) 자회사] 에이빌코리아 국내 온라인 마케팅 채용,https://www.jobkorea.co.kr /Recruit/GI_Read/43401708?Oem_Code=C1&logpath=1&stext=키워드 데이터 분석&listno=111,경력3년↑,서울,즉시지원
2023-11-30,플레이디(구 엔서치마케팅),디지털마케팅AE 경력직 채용,https://www.jobkorea.co.kr /Recruit/GI_Read/43401629?Oem_Code=C1&logpath=1&stext=키워드 데이터 분석&listno=112,경력1년↑,경기,즉시지원
2023-11-30,(주)미래아이엔씨,온라인 공식광고대행사 신입/경력 채용 [AE/퍼포먼스 마케터],https://www.jobkorea.co.kr /Recruit/GI_Read/43392269?Oem_Code=C1&logpath=1&stext=키워드 데이터 분석&listno=113,신입·경력,서울,즉시지원
2023-11-30,㈜인라이플,[주4.5일근무] JAVA 개발 팀장 채용,https://www.jobkorea.co.kr /Recruit/GI_Read/43383989?Oem_Code=C1&logpath=1&stext=키워드 데이터 분석&listno=114,경력8년↑,서울,즉시지원
2023-11-30,㈜미래아이엔씨,[연봉3천/성과급/신사옥/금요일5시퇴근/사내카페] 온라인마케팅공식대행사 영업/관리채용,https://www.jobkorea.co.kr /Recruit/GI_Read/43377771?Oem_Code=C1&logpath=1&stext=키워드 데이터 분석&listno=115,신입,서울,즉시지원
2023-11-30,㈜도도커뮤니케이션,온라인 광고 AE 영업 경력직 상시 채용,https://www.jobkorea.co.kr /Recruit/GI_Read/43375836?Oem_Code=C1&logpath=1&stext=키워드 데이터 분석&listno=116,경력2년↑,서울,즉시지원
2023-11-30,㈜도도커뮤니케이션,AE 온라인 마케터 경력 상시 채용,https://www.jobkorea.co.kr /Recruit/GI_Read/43375832?Oem_Code=C1&logpath=1&stext=키워드 데이터 분석&listno=117,경력2년↑,서울,즉시지원
2023-11-30,바다원㈜,2023년 바다원(주) 하반기 영업본부 인재 채용(MD 디자인 영업 마케팅),https://www.jobkorea.co.kr /Recruit/GI_Read/43363597?Oem_Code=C1&logpath=1&stext=키워드 데이터 분석&listno=118,경력1년↑,경기,즉시지원
2023-11-30,(주)미래아이엔씨,소셜미디어(SNS) 마케터 경력직 채용(서울),https://www.jobkorea.co.kr /Recruit/GI_Read/43352631?Oem_Code=C1&logpath=1&stext=키워드 데이터 분석&listno=119,경력2년↑,서울,즉시지원
2023-11-30,(주)미래아이엔씨,[신입 초임 3000/정규직/공식대행사] 퍼포먼스 마케팅  관리(신입/경력),https://www.jobkorea.co.kr /Recruit/GI_Read/43352593?Oem_Code=C1&logpath=1&stext=키워드 데이터 분석&listno=120,신입·경력1년↑,서울,즉시지원
2023-11-30,㈜미래아이엔씨,온라인 마케팅 광고 공식대행사 신입AE 채용 [초봉3천/인센티브/신사옥/금요일5시퇴근],https://www.jobkorea.co.kr /Recruit/GI_Read/43313496?Oem_Code=C1&logpath=1&stext=키워드 데이터 분석&listno=121,신입,서울,즉시지원
2023-11-30,㈜티몬,[티몬] 검색광고 운영 담당자,https://www.jobkorea.co.kr /Recruit/GI_Read/43326689?Oem_Code=C1&logpath=1&stext=키워드 데이터 분석&listno=122,경력1년↑,서울,즉시지원
2023-11-30,㈜더에스엠씨그룹,[기획직군] 퍼포먼스마케터 신입경력 모집,https://www.jobkorea.co.kr /Recruit/GI_Read/43325644?Oem_Code=C1&logpath=1&stext=키워드 데이터 분석&listno=123,신입·경력,서울,즉시지원
2023-11-30,미래아이엔씨,[기본 연봉 3천] 미래아이엔씨 광고 AE 채용 금요일 17시 퇴근 신사옥,https://www.jobkorea.co.kr /Recruit/GI_Read/43323067?Oem_Code=C1&logpath=1&stext=키워드 데이터 분석&listno=124,경력무관,서울,즉시지원
2023-11-30,스마일코리아,[기본급 土 성과급] 네이버CPC광고 워라벨보장 신입채용합니다 경력안봐요 공고확인必,https://www.jobkorea.co.kr /Recruit/GI_Read/43310215?Oem_Code=C1&logpath=1&stext=키워드 데이터 분석&listno=125,신입,서울,즉시지원
2023-11-30,알에프에이치아이씨㈜,[신입/경력] 마케팅팀 팀원 채용,https://www.jobkorea.co.kr /Recruit/GI_Read/43302655?Oem_Code=C1&logpath=1&stext=키워드 데이터 분석&listno=126,신입·경력2년↑,경기,즉시지원
2023-11-30,㈜케이앤웍스,[신입/경력] (비즈멜론) 매장음악서비스 온라인 영업 담당자 모집,https://www.jobkorea.co.kr /Recruit/GI_Read/43277442?Oem_Code=C1&logpath=1&stext=키워드 데이터 분석&listno=127,신입·경력,서울,즉시지원
2023-11-30,제이티애드넷㈜,온라인광고 광고주 영업 및 관리 정규직 채용,https://www.jobkorea.co.kr /Recruit/GI_Read/43258721?Oem_Code=C1&logpath=1&stext=키워드 데이터 분석&listno=128,신입·경력1년↑,서울,즉시지원
2023-11-30,아난티,[㈜아난티]이터널저니 온라인몰 마케팅 담당자 모집,https://www.jobkorea.co.kr /Recruit/GI_Read/43254367?Oem_Code=C1&logpath=1&stext=키워드 데이터 분석&listno=129,경력5년↑,서울,즉시지원
2023-11-30,더오름,[더오름 : 기획제작팀] 기획 잘하는 영상&디자이너 SBN 어디 계세요,https://www.jobkorea.co.kr /Recruit/GI_Read/43233408?Oem_Code=C1&logpath=1&stext=키워드 데이터 분석&listno=130,경력3년↑,경기,즉시지원
2023-11-30,㈜하나애드아이엠씨,[하나애드] 브랜드/콘텐츠 마케팅 리더급(팀장) 경력직 채용,https://www.jobkorea.co.kr /Recruit/GI_Read/43226358?Oem_Code=C1&logpath=1&stext=키워드 데이터 분석&listno=131,경력5년↑,서울,즉시지원
2023-11-30,아인스미디어,[MZ선호기업] 퍼포먼스AE 담당자 채용,https://www.jobkorea.co.kr /Recruit/GI_Read/43212549?Oem_Code=C1&logpath=1&stext=키워드 데이터 분석&listno=132,경력무관,서울,즉시지원
2023-11-30,㈜에이피알,[에이프릴스킨] 영미권 콘텐츠 크리에이터 인턴사원 모집,https://www.jobkorea.co.kr /Recruit/GI_Read/43211254?Oem_Code=C1&logpath=1&stext=키워드 데이터 분석&listno=133,신입,서울,홈페이지 지원
2023-11-30,㈜에이피알,[메디큐브] 메디큐브 국내 마케팅 인턴 및 경력사원 모집,https://www.jobkorea.co.kr /Recruit/GI_Read/43167847?Oem_Code=C1&logpath=1&stext=키워드 데이터 분석&listno=134,경력무관,서울,홈페이지 지원
2023-11-30,㈜디지털트리니티,퍼포먼스 마케터 경력직 채용,https://www.jobkorea.co.kr /Recruit/GI_Read/43163072?Oem_Code=C1&logpath=1&stext=키워드 데이터 분석&listno=135,경력2년↑,서울,즉시지원
2023-11-30,㈜인라이플,[주4.5일근무] 모비온 온라인광고/매체 운영 채용,https://www.jobkorea.co.kr /Recruit/GI_Read/43088083?Oem_Code=C1&logpath=1&stext=키워드 데이터 분석&listno=136,경력무관,서울,즉시지원
2023-11-30,링크프라이스,[서울 금천구] 온라인 검색광고 마케터 모집(신입),https://www.jobkorea.co.kr /Recruit/GI_Read/43085119?Oem_Code=C1&logpath=1&stext=키워드 데이터 분석&listno=137,경력무관,서울,즉시지원
2023-11-30,㈜아이애드원,온라인광고 퍼포먼스마케터(AE) 공개 채용,https://www.jobkorea.co.kr /Recruit/GI_Read/43024055?Oem_Code=C1&logpath=1&stext=키워드 데이터 분석&listno=138,경력1년↑,서울,즉시지원
2023-11-30,㈜에이피알,[널디(NERDY)] 브랜드 마케팅 경력사원 모집,https://www.jobkorea.co.kr /Recruit/GI_Read/42997029?Oem_Code=C1&logpath=1&stext=키워드 데이터 분석&listno=139,경력3년↑,서울,홈페이지 지원
2023-11-30,미래아이엔씨,광고대행사 AE 모집 (초봉 3천 / 성과급 / 인센티브 ),https://www.jobkorea.co.kr /Recruit/GI_Read/42988688?Oem_Code=C1&logpath=1&stext=키워드 데이터 분석&listno=140,경력무관,서울,즉시지원
2023-11-30,㈜스피링크,[TEXTNET] B2B 마케팅 담당 채용,https://www.jobkorea.co.kr /Recruit/GI_Read/43446181?Oem_Code=C1&logpath=1&stext=키워드 데이터 분석&listno=141,경력3년↑,서울,즉시지원
2023-11-30,㈜클린앤제이,그로스 마케터 / 퍼포먼스 마케터 광고팀원 모집,https://www.jobkorea.co.kr /Recruit/GI_Read/43437745?Oem_Code=C1&logpath=1&stext=키워드 데이터 분석&listno=142,경력1년↑,경기,즉시지원
2023-11-30,㈜프릭스토어,마케팅 경력 사원 모집,https://www.jobkorea.co.kr /Recruit/GI_Read/43441739?Oem_Code=C1&logpath=1&stext=키워드 데이터 분석&listno=143,경력5년↑,서울,즉시지원
2023-11-30,(재)낙원추모공원,재단법인 마케팅 및 홍보 담당자 채용 (경력 2년이상 / 주임급),https://www.jobkorea.co.kr /Recruit/GI_Read/43440534?Oem_Code=C1&logpath=1&stext=키워드 데이터 분석&listno=144,경력2년↑,경남,즉시지원
2023-11-30,금강침대㈜,가구 쇼핑몰 하반기 각 부문 채용 (웹디자인 온라인마케팅 영업관리 온라인MD 기구설계),https://www.jobkorea.co.kr /Recruit/GI_Read/43428636?Oem_Code=C1&logpath=1&stext=키워드 데이터 분석&listno=145,신입·경력2년↑,서울,즉시지원
2023-11-30,㈜라스컴,플랫폼 서비스 마케팅 인턴 채용 (체험형인턴),https://www.jobkorea.co.kr /Recruit/GI_Read/43432725?Oem_Code=C1&logpath=1&stext=키워드 데이터 분석&listno=146,신입,서울,즉시지원
2023-11-30,주식회사 율현푸드,바베큐팩토리 (글램핑 프랜차이즈) 채용공고 (디자인 / 마케팅 / SV),https://www.jobkorea.co.kr /Recruit/GI_Read/43432179?Oem_Code=C1&logpath=1&stext=키워드 데이터 분석&listno=147,경력무관,서울,즉시지원
2023-11-30,㈜참좋은쇼핑,홍보마케팅/ 온라인마케팅 / 바이럴 / 마케터 / 기획,https://www.jobkorea.co.kr /Recruit/GI_Read/43431618?Oem_Code=C1&logpath=1&stext=키워드 데이터 분석&listno=148,경력무관,서울,즉시지원
2023-11-30,KB공인중개사사무소,분양상담사 [강남역 신규현장 월600만 이상],https://www.jobkorea.co.kr /Recruit/GI_Read/43431034?Oem_Code=C1&logpath=1&stext=키워드 데이터 분석&listno=149,신입·경력,서울,즉시지원
2023-11-30,㈜미지네트웍스,[화장품] 아마존 온라인 MD / 해외 영업 / 해외 마케팅 경력 사원 모집,https://www.jobkorea.co.kr /Recruit/GI_Read/43425092?Oem_Code=C1&logpath=1&stext=키워드 데이터 분석&listno=150,경력1년↑,서울,즉시지원
2023-11-30,㈜솔라테크,하반기 부문별 채용공고 : 태양광/EPC/안전관리자/사업기획/공사관리 외주구매/구조검토/마케팅/생산직/사업확장 채용/ 근무지:광명 화성,https://www.jobkorea.co.kr /Recruit/GI_Read/43420679?Oem_Code=C1&logpath=1&stext=키워드 데이터 분석&listno=151,신입·경력,경기,즉시지원
2023-11-30,에스피엠 컴퍼니,[주5일] 마케팅팀 직원 채용/ 배울 수 있는 업무,https://www.jobkorea.co.kr /Recruit/GI_Read/43420343?Oem_Code=C1&logpath=1&stext=키워드 데이터 분석&listno=152,경력무관,서울,즉시지원
2023-11-30,㈜테크랩스,[TECHLABS] 온라인 광고 플랫폼(앱/웹) 운영 담당자 (플랫폼사업부/운영실),https://www.jobkorea.co.kr /Recruit/GI_Read/43418557?Oem_Code=C1&logpath=1&stext=키워드 데이터 분석&listno=153,경력1년↑,서울,홈페이지 지원
2023-11-30,㈜테크랩스,[TECHLABS] SA/DA 퍼포먼스 마케터 (콘텐츠사업부/사업운영실),https://www.jobkorea.co.kr /Recruit/GI_Read/43417744?Oem_Code=C1&logpath=1&stext=키워드 데이터 분석&listno=154,경력3년↑,서울,홈페이지 지원
2023-11-30,㈜프로그레스미디어,[연봉 3000/인센티브][대구 센터] 퍼포먼스마케팅 AE & 당근마켓 전담 AE,https://www.jobkorea.co.kr /Recruit/GI_Read/43417152?Oem_Code=C1&logpath=1&stext=키워드 데이터 분석&listno=155,경력무관,대구,즉시지원
2023-11-30,㈜카멜,[카멜그룹] 온라인 영업팀 `온라인영업  영업지원` 모집,https://www.jobkorea.co.kr /Recruit/GI_Read/43417038?Oem_Code=C1&logpath=1&stext=키워드 데이터 분석&listno=156,신입·경력3년↑,서울,즉시지원
2023-11-30,㈜엘에프푸드,인하우스 마케팅팀 IMC마케팅 담당 채용,https://www.jobkorea.co.kr /Recruit/GI_Read/43410449?Oem_Code=C1&logpath=1&stext=키워드 데이터 분석&listno=157,경력8년↑,서울,즉시지원
2023-11-30,㈜키아나엔터테인먼트,엔터테인먼트-전략기획팀(데이터관리 및 마케팅업무) 정직원 채용공고,https://www.jobkorea.co.kr /Recruit/GI_Read/43411197?Oem_Code=C1&logpath=1&stext=키워드 데이터 분석&listno=158,경력무관,서울,즉시지원
2023-11-30,㈜한국시니어연구소,[한국시니어연구소] 마케터 정규직 채용,https://www.jobkorea.co.kr /Recruit/GI_Read/43407559?Oem_Code=C1&logpath=1&stext=키워드 데이터 분석&listno=159,경력2년↑,서울,즉시지원
2023-11-30,㈜에이피엠엔지니어링,영업지원 담당자 채용 (합격축하금 지급),https://www.jobkorea.co.kr /Recruit/GI_Read/43405223?Oem_Code=C1&logpath=1&stext=키워드 데이터 분석&listno=160,신입·경력2년↑,경기,즉시지원
2023-11-30,㈜뉴처,[미래신소재] 전망 좋은 신기술 적용 스타트업 마케팅 경력직 채용,https://www.jobkorea.co.kr /Recruit/GI_Read/43404930?Oem_Code=C1&logpath=1&stext=키워드 데이터 분석&listno=161,경력3년↑,서울,즉시지원
2023-11-30,오길비코리아,Ogilvy Digital Media 사원-대리급(경력4년이하) 채용,https://www.jobkorea.co.kr /Recruit/GI_Read/43403652?Oem_Code=C1&logpath=1&stext=키워드 데이터 분석&listno=162,경력1년↑,서울,즉시지원
2023-11-30,㈜한국자격연구원,한국자격연구원 협회 - 마케팅 직무 담당자 채용,https://www.jobkorea.co.kr /Recruit/GI_Read/43383469?Oem_Code=C1&logpath=1&stext=키워드 데이터 분석&listno=163,경력무관,서울,즉시지원
2023-11-30,굿윌커뮤니케이션즈,SNS채널 운영/기획 경력직,https://www.jobkorea.co.kr /Recruit/GI_Read/43382813?Oem_Code=C1&logpath=1&stext=키워드 데이터 분석&listno=164,경력1년↑,서울,즉시지원
2023-11-30,㈜에스디인터내셔날,[ 나인블럭 ] F&B 마케팅 팀장 채용,https://www.jobkorea.co.kr /Recruit/GI_Read/43379668?Oem_Code=C1&logpath=1&stext=키워드 데이터 분석&listno=165,경력10년↑,경기,즉시지원
2023-11-30,엔토피아,그로스 마케터 / 퍼포먼스 마케터 광고팀원 모집,https://www.jobkorea.co.kr /Recruit/GI_Read/43376391?Oem_Code=C1&logpath=1&stext=키워드 데이터 분석&listno=166,경력1년↑,경기,즉시지원
2023-11-30,㈜셀디랩 (SELDI LAB Co.,Ltd.),함께 성장 할 이커머스 온라인MD 사원-대리급 모집 (1년 이상),https://www.jobkorea.co.kr /Recruit/GI_Read/43373335?Oem_Code=C1&logpath=1&stext=키워드 데이터 분석&listno=167,경력1년↑,서울,즉시지원
2023-11-30,㈜폴싯,E-commerce Manager (Amazon),https://www.jobkorea.co.kr /Recruit/GI_Read/43366211?Oem_Code=C1&logpath=1&stext=키워드 데이터 분석&listno=168,경력1년↑,서울,즉시지원
2023-11-30,아트매틱컴퍼니,[즉시채용] 홍보 마케팅 (신입/경력) 모집 공고,https://www.jobkorea.co.kr /Recruit/GI_Read/43344315?Oem_Code=C1&logpath=1&stext=키워드 데이터 분석&listno=169,신입·경력1년↑,서울,즉시지원
2023-11-30,㈜쟈뎅,㈜쟈뎅 하반기 각 부문별 신입/경력 채용,https://www.jobkorea.co.kr /Recruit/GI_Read/43327732?Oem_Code=C1&logpath=1&stext=키워드 데이터 분석&listno=170,경력2년↑,서울,즉시지원
2023-11-30,㈜비피알코퍼레이션,[BPR CORPORATION]패션 이커머스 디지털 마케팅/브랜딩 총괄,https://www.jobkorea.co.kr /Recruit/GI_Read/43336543?Oem_Code=C1&logpath=1&stext=키워드 데이터 분석&listno=171,경력,서울,즉시지원
2023-11-30,리샵(LEESHOP),[SAINT SATIN]패션 이커머스 디지털 마케팅/브랜딩 총괄,https://www.jobkorea.co.kr /Recruit/GI_Read/43336326?Oem_Code=C1&logpath=1&stext=키워드 데이터 분석&listno=172,경력,서울,즉시지원
2023-11-30,㈜유스튜디오,콘텐츠 마케팅 AE 채용 (신입/경력),https://www.jobkorea.co.kr /Recruit/GI_Read/43332905?Oem_Code=C1&logpath=1&stext=키워드 데이터 분석&listno=173,신입·경력,서울,즉시지원
2023-11-30,㈜프로그레스미디어,카카오 비즈솔루션 & 앱 퍼포먼스 영업 채용,https://www.jobkorea.co.kr /Recruit/GI_Read/43326347?Oem_Code=C1&logpath=1&stext=키워드 데이터 분석&listno=174,경력무관,서울,즉시지원
2023-11-30,금강침대㈜,쇼핑몰 웹마케팅 경력직 모집,https://www.jobkorea.co.kr /Recruit/GI_Read/43326384?Oem_Code=C1&logpath=1&stext=키워드 데이터 분석&listno=175,경력3년↑,서울,즉시지원
2023-11-30,㈜비엠크리에이티브컴퍼니,광고대행사 BMC퍼포먼스마케터 경력직 채용,https://www.jobkorea.co.kr /Recruit/GI_Read/43319022?Oem_Code=C1&logpath=1&stext=키워드 데이터 분석&listno=176,경력,서울,즉시지원
2023-11-30,㈜스마트스코어,[예비 유니콘] 골프 IT 플랫폼 스마트스코어 신입/경력 수시채용,https://www.jobkorea.co.kr /Recruit/GI_Read/43310026?Oem_Code=C1&logpath=1&stext=키워드 데이터 분석&listno=177,신입·경력,서울,홈페이지 지원
2023-11-30,㈜배상면주가,2023년 배상면주가 각 부문별 신입/경력 채용,https://www.jobkorea.co.kr /Recruit/GI_Read/43309482?Oem_Code=C1&logpath=1&stext=키워드 데이터 분석&listno=178,신입·경력,경기,즉시지원
2023-11-30,글로벌텍스프리㈜,각 부문별 채용 (영업/인프라관리/IT개발/PG시스템운영/마케팅/해외사업부),https://www.jobkorea.co.kr /Recruit/GI_Read/43302866?Oem_Code=C1&logpath=1&stext=키워드 데이터 분석&listno=179,신입·경력,서울,즉시지원
2023-11-30,㈜더캐리,더캐리 온라인MD 모집,https://www.jobkorea.co.kr /Recruit/GI_Read/43294279?Oem_Code=C1&logpath=1&stext=키워드 데이터 분석&listno=180,경력무관,서울,즉시지원
2023-11-30,오진상사㈜,온라인몰 MD - Microsoft 공식 온라인 스토어 관리,https://www.jobkorea.co.kr /Recruit/GI_Read/43288611?Oem_Code=C1&logpath=1&stext=키워드 데이터 분석&listno=181,신입,서울,즉시지원
2023-11-30,(주)씨오리퍼블릭,패션 브랜드 마케터 / 웹디자이너 / 브랜드 생산관리 채용,https://www.jobkorea.co.kr /Recruit/GI_Read/43278701?Oem_Code=C1&logpath=1&stext=키워드 데이터 분석&listno=182,경력1년↑,서울,즉시지원
2023-11-30,㈜테이스티브라더스,(주)테이스티브라더스 / 프랜차이즈 브랜드 마케팅팀 경력자 모집,https://www.jobkorea.co.kr /Recruit/GI_Read/43264920?Oem_Code=C1&logpath=1&stext=키워드 데이터 분석&listno=183,신입·경력1년↑,서울,즉시지원
2023-11-30,㈜펄스미디어,[㈜펄스미디어] 퍼포먼스/콘텐츠마케팅 기획 채용,https://www.jobkorea.co.kr /Recruit/GI_Read/43262482?Oem_Code=C1&logpath=1&stext=키워드 데이터 분석&listno=184,경력2년↑,서울,즉시지원
2023-11-30,㈜카보드,와인 수입사 (주)카보드에서 마케팅 사원을 모집합니다,https://www.jobkorea.co.kr /Recruit/GI_Read/43261547?Oem_Code=C1&logpath=1&stext=키워드 데이터 분석&listno=185,경력,경기,즉시지원
2023-11-30,㈜디자인힐링,디쟈트가구 온라인 마케팅/마케터 모십니다,https://www.jobkorea.co.kr /Recruit/GI_Read/43236332?Oem_Code=C1&logpath=1&stext=키워드 데이터 분석&listno=186,경력,서울,즉시지원
2023-11-30,㈜이지넷유비쿼터스,디지털가전/팀장 (전략기획/데이터분석/마케팅) 경력직 채용,https://www.jobkorea.co.kr /Recruit/GI_Read/43229533?Oem_Code=C1&logpath=1&stext=키워드 데이터 분석&listno=187,경력5년↑,서울,즉시지원
2023-11-30,캐리랩,[신입/경력] 병원마케팅(성형외과/피부과/치과) 기획자 채용,https://www.jobkorea.co.kr /Recruit/GI_Read/43225481?Oem_Code=C1&logpath=1&stext=키워드 데이터 분석&listno=188,신입·경력1년↑,서울,즉시지원
2023-11-30,제이숲,[앙또미뇽] 퍼포먼스마케팅 인재 모집 (경력),https://www.jobkorea.co.kr /Recruit/GI_Read/43224143?Oem_Code=C1&logpath=1&stext=키워드 데이터 분석&listno=189,경력4년↑,경기,즉시지원
2023-11-30,㈜디트라이브,[공식] D.TRIBE 퍼포먼스마케팅 신입/경력 AE 모집,https://www.jobkorea.co.kr /Recruit/GI_Read/43216390?Oem_Code=C1&logpath=1&stext=키워드 데이터 분석&listno=190,신입·경력,서울,즉시지원
2023-11-30,㈜파워가드,파워가드 온라인 영업담당 채용 모집,https://www.jobkorea.co.kr /Recruit/GI_Read/43216077?Oem_Code=C1&logpath=1&stext=키워드 데이터 분석&listno=191,경력무관,서울,즉시지원
2023-11-30,㈜제이씨물산,패션브랜드 의상디자이너 온라인MD 영업MD 의류영업 신입/경력 채용,https://www.jobkorea.co.kr /Recruit/GI_Read/43179793?Oem_Code=C1&logpath=1&stext=키워드 데이터 분석&listno=192,신입·경력,서울,즉시지원
2023-11-30,스카이라인루지 부산㈜,디지털마케팅 경력 채용,https://www.jobkorea.co.kr /Recruit/GI_Read/43180060?Oem_Code=C1&logpath=1&stext=키워드 데이터 분석&listno=193,경력3년↑,부산,즉시지원
2023-11-30,케이에이에스에스,전략기획 마케팅업무 담당자 채용,https://www.jobkorea.co.kr /Recruit/GI_Read/43177728?Oem_Code=C1&logpath=1&stext=키워드 데이터 분석&listno=194,경력2년↑,경기,즉시지원
2023-11-30,㈜피에이치디코리아,[ PHD KOREA ] 경력 및 신입 직원 모집,https://www.jobkorea.co.kr /Recruit/GI_Read/43151042?Oem_Code=C1&logpath=1&stext=키워드 데이터 분석&listno=195,신입·경력,서울,즉시지원
2023-11-30,㈜영지파인,㈜영지파인 하반기 채용(MD/웹디자이너/브랜드마케팅/인플루언서마케팅/패키지디자이너),https://www.jobkorea.co.kr /Recruit/GI_Read/43149991?Oem_Code=C1&logpath=1&stext=키워드 데이터 분석&listno=196,신입·경력,서울,즉시지원
2023-11-30,㈜즐거움을더하다,[주4.5일/정규직] 광고 마케팅 경력 사원 채용,https://www.jobkorea.co.kr /Recruit/GI_Read/43143487?Oem_Code=C1&logpath=1&stext=키워드 데이터 분석&listno=197,경력,서울,즉시지원
2023-11-30,㈜디홀릭커머스,디홀릭커머스 퍼포먼스 마케팅 /CRM 마케팅 채용,https://www.jobkorea.co.kr /Recruit/GI_Read/43109146?Oem_Code=C1&logpath=1&stext=키워드 데이터 분석&listno=198,경력1년↑,서울,즉시지원
2023-11-30,㈜피알앤,23년 헤드스파7 하반기 부문별 신입/경력 채용,https://www.jobkorea.co.kr /Recruit/GI_Read/43085654?Oem_Code=C1&logpath=1&stext=키워드 데이터 분석&listno=199,신입·경력,경기,즉시지원
2023-11-30,㈜리소코리아,판교) 영업/마케팅 사원 채용,https://www.jobkorea.co.kr /Recruit/GI_Read/43011407?Oem_Code=C1&logpath=1&stext=키워드 데이터 분석&listno=200,신입·경력1년↑,경기,즉시지원
2023-11-30,빌리프성형외과,강남역 성형외과 기획전략팀 퍼포먼스마케터(기획자) 추가모집,https://www.jobkorea.co.kr /Recruit/GI_Read/43446152?Oem_Code=C1&logpath=1&stext=키워드 데이터 분석&listno=201,경력2년↑,서울,즉시지원
2023-11-30,㈜더릭스,[더릭스홈] 온라인 MD AMD 정규직 채용,https://www.jobkorea.co.kr /Recruit/GI_Read/43442394?Oem_Code=C1&logpath=1&stext=키워드 데이터 분석&listno=202,경력무관,서울,즉시지원
2023-11-30,㈜카베이,마케팅팀 신입/경력 공개채용,https://www.jobkorea.co.kr /Recruit/GI_Read/43439875?Oem_Code=C1&logpath=1&stext=키워드 데이터 분석&listno=203,신입·경력,인천,즉시지원
2023-11-30,㈜허니비즈에이치알디,기업 어학 교육 컨설턴트 정규 채용[신입/경력],https://www.jobkorea.co.kr /Recruit/GI_Read/43439508?Oem_Code=C1&logpath=1&stext=키워드 데이터 분석&listno=204,신입·경력1년↑,서울,즉시지원
2023-11-30,비오페이스의원,비오페이스 병원경영관리 해외 마케팅 및 해외 사업 전개 모집,https://www.jobkorea.co.kr /Recruit/GI_Read/43438928?Oem_Code=C1&logpath=1&stext=키워드 데이터 분석&listno=205,경력무관,서울,즉시지원
2023-11-30,㈜서울랩스,㈜서울랩스 블록체인 신사업팀 전직군 대규모 공개채용(정규직/경력·신입),https://www.jobkorea.co.kr /Recruit/GI_Read/43435554?Oem_Code=C1&logpath=1&stext=키워드 데이터 분석&listno=206,경력2년↑,서울,즉시지원
2023-11-30,㈜더아트컴퍼니,포토샵 업무 및 사무보조 신입 팀원 채용,https://www.jobkorea.co.kr /Recruit/GI_Read/43434433?Oem_Code=C1&logpath=1&stext=키워드 데이터 분석&listno=207,신입·경력,서울,즉시지원
2023-11-30,㈜맨토스파워,[G마켓/재택병행] 분야 별 채용 ( AMD / 마케팅 / 정산 ),https://www.jobkorea.co.kr /Recruit/GI_Read/43434246?Oem_Code=C1&logpath=1&stext=키워드 데이터 분석&listno=208,경력무관,서울,즉시지원
2023-11-30,㈜돌우물,[(주)돌우물] 브랜드마케팅팀 프랜차이즈 마케터 신입/경력 직원 채용,https://www.jobkorea.co.kr /Recruit/GI_Read/43433546?Oem_Code=C1&logpath=1&stext=키워드 데이터 분석&listno=209,신입·경력,서울,즉시지원
2023-11-30,퍼틸레인,[퍼틸레인] 퍼포먼스 마케터 신입 담당자 채용,https://www.jobkorea.co.kr /Recruit/GI_Read/43427588?Oem_Code=C1&logpath=1&stext=키워드 데이터 분석&listno=210,신입,서울,즉시지원
2023-11-30,㈜앤앤더블유커뮤니케이션,앤앤더블유 커뮤니케이션에서 마케터 기획 구합니다. (여성우대),https://www.jobkorea.co.kr /Recruit/GI_Read/43426444?Oem_Code=C1&logpath=1&stext=키워드 데이터 분석&listno=211,경력무관,서울,즉시지원
2023-11-30,㈜오메타,마케팅 경력자 채용 - 마케팅 (컨텐츠 경험 우대),https://www.jobkorea.co.kr /Recruit/GI_Read/43425669?Oem_Code=C1&logpath=1&stext=키워드 데이터 분석&listno=212,경력1년↑,서울,즉시지원
2023-11-30,㈜소프트스피어,[방구석연구소] 노른자 6기 인턴십 채용,https://www.jobkorea.co.kr /Recruit/GI_Read/43424566?Oem_Code=C1&logpath=1&stext=키워드 데이터 분석&listno=213,신입,서울,즉시지원
2023-11-30,사소한,커플 매니저/주 5일근무/월250이상/사무직,https://www.jobkorea.co.kr /Recruit/GI_Read/43423189?Oem_Code=C1&logpath=1&stext=키워드 데이터 분석&listno=214,경력무관,충북,즉시지원
2023-11-30,㈜프로그레스미디어,[프로그레스미디어] 광고 전문 마케터 채용 (신입가능 경력무관),https://www.jobkorea.co.kr /Recruit/GI_Read/43422522?Oem_Code=C1&logpath=1&stext=키워드 데이터 분석&listno=215,신입·경력,대전,즉시지원
2023-11-30,㈜마콘컴퍼니,[경력] 광고 영업 부문 채용,https://www.jobkorea.co.kr /Recruit/GI_Read/43422417?Oem_Code=C1&logpath=1&stext=키워드 데이터 분석&listno=216,경력10년↑,서울,즉시지원
2023-11-30,㈜스타비젼,[오렌즈] 글로벌마케팅 해외 E-Commerce 운영지원 CS,https://www.jobkorea.co.kr /Recruit/GI_Read/43420331?Oem_Code=C1&logpath=1&stext=키워드 데이터 분석&listno=217,신입·경력,서울,즉시지원
2023-11-30,㈜지피에이코리아,[지피에이코리아] 사무 보조 채용,https://www.jobkorea.co.kr /Recruit/GI_Read/43420635?Oem_Code=C1&logpath=1&stext=키워드 데이터 분석&listno=218,경력무관,서울,즉시지원
2023-11-30,㈜케이에스디어패럴,여성의류쇼핑몰 케이클럽 마케팅 기획디자이너 채용 모집,https://www.jobkorea.co.kr /Recruit/GI_Read/43412706?Oem_Code=C1&logpath=1&stext=키워드 데이터 분석&listno=219,신입·경력1년↑,대구,즉시지원
2023-11-30,㈜테크랩스,[TECHLABS] 브랜드콘텐츠 마케터(팀장) (브랜드엑셀러레이팅사업부/브랜드콘텐츠팀),https://www.jobkorea.co.kr /Recruit/GI_Read/43418752?Oem_Code=C1&logpath=1&stext=키워드 데이터 분석&listno=220,경력7년↑,서울,홈페이지 지원
2023-11-30,㈜테크랩스,[TECHLABS] 브랜드콘텐츠 마케터 (브랜드엑셀러레이팅사업부/브랜드전략팀),https://www.jobkorea.co.kr /Recruit/GI_Read/43417194?Oem_Code=C1&logpath=1&stext=키워드 데이터 분석&listno=221,경력2년↑,서울,홈페이지 지원
2023-11-30,보람상조피플㈜,보람상조피플(주) 마케팅/행사관리/CS/TM 모집,https://www.jobkorea.co.kr /Recruit/GI_Read/43416951?Oem_Code=C1&logpath=1&stext=키워드 데이터 분석&listno=222,경력무관,서울,즉시지원
2023-11-30,보람상조피플㈜,전국 초급/중급 대리점장 및 관리자 모집[프리랜서재택투잡가능],https://www.jobkorea.co.kr /Recruit/GI_Read/43416950?Oem_Code=C1&logpath=1&stext=키워드 데이터 분석&listno=223,경력무관,경기,즉시지원
2023-11-30,위드퍼니처㈜,(주)위드퍼니처 온라인 영업관리 마케터 0명 모집,https://www.jobkorea.co.kr /Recruit/GI_Read/43416471?Oem_Code=C1&logpath=1&stext=키워드 데이터 분석&listno=224,경력3년↑,경기,즉시지원
2023-11-30,보람상조피플㈜,아름다운 동행의 시작 미래의 핫한 전문가 -장례복지사 장례담당 모집,https://www.jobkorea.co.kr /Recruit/GI_Read/43404620?Oem_Code=C1&logpath=1&stext=키워드 데이터 분석&listno=225,경력무관,서울,즉시지원
2023-11-30,보람상조피플㈜,초고령화시대 대세 장례요원 자리메김 하실 분 -장례복지사 담당,https://www.jobkorea.co.kr /Recruit/GI_Read/43404297?Oem_Code=C1&logpath=1&stext=키워드 데이터 분석&listno=226,경력무관,서울,즉시지원
2023-11-30,보람상조피플㈜,이제 그냥 대기업 연봉부터 시작..이게 실화.-관리자모집,https://www.jobkorea.co.kr /Recruit/GI_Read/43404619?Oem_Code=C1&logpath=1&stext=키워드 데이터 분석&listno=227,경력무관,서울,즉시지원
2023-11-30,㈜웰퍼니처,[가구브랜드 웰퍼니쳐] 마케터(경력-팀장급)하반기 채용,https://www.jobkorea.co.kr /Recruit/GI_Read/43411546?Oem_Code=C1&logpath=1&stext=키워드 데이터 분석&listno=228,경력,경기,즉시지원
2023-11-30,㈜동화세상에듀코,신입 마케터 모집 - 블로그/카페관리상위노출CPC(경력직 재택근무가능),https://www.jobkorea.co.kr /Recruit/GI_Read/43405367?Oem_Code=C1&logpath=1&stext=키워드 데이터 분석&listno=229,신입·경력,서울,즉시지원
2023-11-30,㈜뉴처,[미래신소재] 새로운 시장을 개척할 기획마케팅 신입 채용,https://www.jobkorea.co.kr /Recruit/GI_Read/43404938?Oem_Code=C1&logpath=1&stext=키워드 데이터 분석&listno=230,신입,서울,즉시지원
2023-11-30,엠피온㈜,[경기/성남] 온라인 영업 지원 및 마케팅 지원 인력 모집,https://www.jobkorea.co.kr /Recruit/GI_Read/43403937?Oem_Code=C1&logpath=1&stext=키워드 데이터 분석&listno=231,경력무관,경기,즉시지원
2023-11-30,㈜씨티애드,[CTAD 서울본사] 바이럴마케팅 신입/경력 정규직 채용,https://www.jobkorea.co.kr /Recruit/GI_Read/43400589?Oem_Code=C1&logpath=1&stext=키워드 데이터 분석&listno=232,신입·경력,서울,즉시지원
2023-11-30,㈜우리찬,[(주)우리찬] 온라인 마케팅 경력 모집,https://www.jobkorea.co.kr /Recruit/GI_Read/43401791?Oem_Code=C1&logpath=1&stext=키워드 데이터 분석&listno=233,경력1년↑,인천,즉시지원
2023-11-30,㈜세이션,[그라펜/줄라이미] 퍼포먼스 마케터 경력직 모집,https://www.jobkorea.co.kr /Recruit/GI_Read/43401390?Oem_Code=C1&logpath=1&stext=키워드 데이터 분석&listno=234,경력2년↑,서울,즉시지원
2023-11-30,㈜인터우드,온라인 영업(온라인쇼핑몰 및 블로그SNS홈페이지) 담당자 정규직 채용,https://www.jobkorea.co.kr /Recruit/GI_Read/43393616?Oem_Code=C1&logpath=1&stext=키워드 데이터 분석&listno=235,경력무관,인천,즉시지원
2023-11-30,㈜케빈스룸,[굿즈제작전문기업] `브랜드 마케팅팀 마케팅 팀원` 채용,https://www.jobkorea.co.kr /Recruit/GI_Read/43398827?Oem_Code=C1&logpath=1&stext=키워드 데이터 분석&listno=236,경력2년↑,경기,즉시지원
2023-11-30,㈜다나플레이,(주)다나플레이 온라인 쇼핑몰 관리 및 홍보 담당자 구인,https://www.jobkorea.co.kr /Recruit/GI_Read/43397862?Oem_Code=C1&logpath=1&stext=키워드 데이터 분석&listno=237,신입·경력,경기,즉시지원
2023-11-30,㈜이지세이브,제휴 마케팅/기획 (다이렉트 장기보험),https://www.jobkorea.co.kr /Recruit/GI_Read/43396162?Oem_Code=C1&logpath=1&stext=키워드 데이터 분석&listno=238,신입·경력,서울,즉시지원
2023-11-30,비앤빛 강남밝은세상안과,(주4.5일) 비앤빛 강남밝은세상안과 기획 담당자 채용,https://www.jobkorea.co.kr /Recruit/GI_Read/43378511?Oem_Code=C1&logpath=1&stext=키워드 데이터 분석&listno=239,경력3년↑,서울,즉시지원
2023-11-30,㈜아이디어오디션,아이디어오디션 마케팅 담당자 경력 채용,https://www.jobkorea.co.kr /Recruit/GI_Read/43397357?Oem_Code=C1&logpath=1&stext=키워드 데이터 분석&listno=240,경력1년↑,서울,즉시지원
2023-11-30,㈜다원솔루텍,임팩트비전 (해외영업/해외마케팅) 경력직 채용,https://www.jobkorea.co.kr /Recruit/GI_Read/43391892?Oem_Code=C1&logpath=1&stext=키워드 데이터 분석&listno=241,경력3년↑,서울,즉시지원
2023-11-30,로리스더프라임립,[로리스더프라임립] 마케터 채용안내,https://www.jobkorea.co.kr /Recruit/GI_Read/43393453?Oem_Code=C1&logpath=1&stext=키워드 데이터 분석&listno=242,경력2년↑,서울,즉시지원
2023-11-30,㈜빅닷,브랜드 마케터 경력직 채용(5년이상),https://www.jobkorea.co.kr /Recruit/GI_Read/43391756?Oem_Code=C1&logpath=1&stext=키워드 데이터 분석&listno=243,경력5년↑,경기,즉시지원
2023-11-30,㈜알투지피플,R2G 홍보/마케팅 담당자 채용,https://www.jobkorea.co.kr /Recruit/GI_Read/43391147?Oem_Code=C1&logpath=1&stext=키워드 데이터 분석&listno=244,경력무관,경기,즉시지원
2023-11-30,스윔어바웃,퍼포먼스 마케터 경력직 채용(경력 3년이상-10년이하),https://www.jobkorea.co.kr /Recruit/GI_Read/43386656?Oem_Code=C1&logpath=1&stext=키워드 데이터 분석&listno=245,경력5년↑,서울,즉시지원
2023-11-30,아상(ASANG),온라인 마케팅 / 기획 담당 MD,https://www.jobkorea.co.kr /Recruit/GI_Read/43390508?Oem_Code=C1&logpath=1&stext=키워드 데이터 분석&listno=246,경력,부산,즉시지원
2023-11-30,㈜애니툰,[주4일] [애니툰] 웹툰 플랫폼 온라인 마케팅 담당자 모집 (경력),https://www.jobkorea.co.kr /Recruit/GI_Read/43389236?Oem_Code=C1&logpath=1&stext=키워드 데이터 분석&listno=247,경력3년↑,서울,즉시지원
2023-11-30,㈜어셔어학원,대한민국 최다 수강 토플 전문 어학원 어셔어학원 채용공고,https://www.jobkorea.co.kr /Recruit/GI_Read/43387174?Oem_Code=C1&logpath=1&stext=키워드 데이터 분석&listno=248,신입·경력,서울,즉시지원
2023-11-30,비즈니어코퍼레이션㈜,온라인 식품MD 담당자 정규직 채용,https://www.jobkorea.co.kr /Recruit/GI_Read/43387079?Oem_Code=C1&logpath=1&stext=키워드 데이터 분석&listno=249,경력4년↑,서울,즉시지원
2023-11-30,㈜펍스테이션,광고영업세일즈영업직영업팀장 1기 채용[높은기본급],https://www.jobkorea.co.kr /Recruit/GI_Read/43382690?Oem_Code=C1&logpath=1&stext=키워드 데이터 분석&listno=250,신입·경력,서울,즉시지원
2023-11-30,래이디케이,국내영업 외 시장조사 상품기획 / 마케팅/ 유통 담당 [사원대리급&과장급] 채용,https://www.jobkorea.co.kr /Recruit/GI_Read/43365462?Oem_Code=C1&logpath=1&stext=키워드 데이터 분석&listno=251,신입·경력5년↑,서울,즉시지원
2023-11-30,래이디케이,해외영업 외 시장조사 상품기획 / 마케팅/ 유통 담당 [사원대리급&과장급] 채용,https://www.jobkorea.co.kr /Recruit/GI_Read/43365484?Oem_Code=C1&logpath=1&stext=키워드 데이터 분석&listno=252,경력무관,서울,즉시지원
2023-11-30,위크나인,브랜드 온라인 마케팅 모집 (경력자),https://www.jobkorea.co.kr /Recruit/GI_Read/43383023?Oem_Code=C1&logpath=1&stext=키워드 데이터 분석&listno=253,경력5년↑,경기,즉시지원
2023-11-30,㈜코비스테크놀로지,반도체 웨이퍼 측정 장비 영업 인원 모집,https://www.jobkorea.co.kr /Recruit/GI_Read/43382204?Oem_Code=C1&logpath=1&stext=키워드 데이터 분석&listno=254,경력,서울,즉시지원
2023-11-30,㈜이노앤엠,광고대행사 이노앤엠 - 바이럴/퍼포먼스 마케터 디자이너 채용,https://www.jobkorea.co.kr /Recruit/GI_Read/43377985?Oem_Code=C1&logpath=1&stext=키워드 데이터 분석&listno=255,신입·경력,서울,즉시지원
2023-11-30,㈜더캐리,더캐리 캐리마켓 온라인MD 모집,https://www.jobkorea.co.kr /Recruit/GI_Read/43377908?Oem_Code=C1&logpath=1&stext=키워드 데이터 분석&listno=256,경력3년↑,서울,즉시지원
2023-11-30,㈜프로그레스미디어,[대전 지사] 퍼포먼스마케팅 지원 업무/온라인 광고 AE 채용,https://www.jobkorea.co.kr /Recruit/GI_Read/43377752?Oem_Code=C1&logpath=1&stext=키워드 데이터 분석&listno=257,경력무관,대전,즉시지원
2023-11-30,㈜앙블랑,[앙블랑]BTL 유아 박람회 전시 마케팅 신입 사원 모집,https://www.jobkorea.co.kr /Recruit/GI_Read/43376914?Oem_Code=C1&logpath=1&stext=키워드 데이터 분석&listno=258,신입·경력,서울,즉시지원
2023-11-30,㈜가루다오리엔트홀리데이스코리아,[가루다인도네시아항공 한국총판대리점] 항공예약발권 / 여행상품기획 및 세일즈,https://www.jobkorea.co.kr /Recruit/GI_Read/43374999?Oem_Code=C1&logpath=1&stext=키워드 데이터 분석&listno=259,신입·경력,서울,즉시지원
2023-11-30,㈜에이앤바이오,마케팅팀 온라인 마케터(신입모집),https://www.jobkorea.co.kr /Recruit/GI_Read/43371046?Oem_Code=C1&logpath=1&stext=키워드 데이터 분석&listno=260,신입,경기,즉시지원
2023-11-30,모건네트웍스,모건네트웍스 2023년 [하반기 신입/경력] 모집,https://www.jobkorea.co.kr /Recruit/GI_Read/43368946?Oem_Code=C1&logpath=1&stext=키워드 데이터 분석&listno=261,신입·경력,서울,즉시지원
2023-11-30,에스씨301의원,[SC301의원 삼성동/코엑스] 데이터 분석 통계 및 텍스트 마이닝 가능자(경력자),https://www.jobkorea.co.kr /Recruit/GI_Read/43369257?Oem_Code=C1&logpath=1&stext=키워드 데이터 분석&listno=262,경력,서울,즉시지원
2023-11-30,워드바이스,[Wordvice] 퍼포먼스 마케터 Lead(경력) 채용,https://www.jobkorea.co.kr /Recruit/GI_Read/43369181?Oem_Code=C1&logpath=1&stext=키워드 데이터 분석&listno=263,경력7년↑,서울,즉시지원
2023-11-30,문고리닷컴㈜,[태영그룹-문고리닷컴] 디지털 마케터 경력 채용,https://www.jobkorea.co.kr /Recruit/GI_Read/43369101?Oem_Code=C1&logpath=1&stext=키워드 데이터 분석&listno=264,경력3년↑,서울,즉시지원
2023-11-30,워드바이스,[Wordvice] 퍼포먼스 마케터 인턴/경력 채용,https://www.jobkorea.co.kr /Recruit/GI_Read/43369097?Oem_Code=C1&logpath=1&stext=키워드 데이터 분석&listno=265,신입·경력2년↑,서울,즉시지원
2023-11-30,㈜알투지피플,R2G 웹 디자이너/디자인 기획 채용,https://www.jobkorea.co.kr /Recruit/GI_Read/43368619?Oem_Code=C1&logpath=1&stext=키워드 데이터 분석&listno=266,경력무관,경기,즉시지원
2023-11-30,㈜하나린,안양 병의원마케팅 경력직/신입 정규직 채용,https://www.jobkorea.co.kr /Recruit/GI_Read/43367846?Oem_Code=C1&logpath=1&stext=키워드 데이터 분석&listno=267,신입·경력3년↑,경기,즉시지원
2023-11-30,주식회사 고피자,[GOPIZZA] 마케팅팀(팀장급) 채용,https://www.jobkorea.co.kr /Recruit/GI_Read/43365631?Oem_Code=C1&logpath=1&stext=키워드 데이터 분석&listno=268,경력10년↑,서울,즉시지원
2023-11-30,㈜디이엔에이,온라인 마케팅 담당자 채용(팀장급/경력5년-),https://www.jobkorea.co.kr /Recruit/GI_Read/43364880?Oem_Code=C1&logpath=1&stext=키워드 데이터 분석&listno=269,경력5년↑,서울,즉시지원
2023-11-30,주식회사 큐비스트,[페이스팩토리] 뷰티/디바이스 `SNS(META) 영상편집/촬영 크리에이터`,https://www.jobkorea.co.kr /Recruit/GI_Read/43364728?Oem_Code=C1&logpath=1&stext=키워드 데이터 분석&listno=270,신입·경력,서울,즉시지원
2023-11-30,신한라이프생명보험㈜,신한라이프 (주)영업관리자 및 영업사원 모집,https://www.jobkorea.co.kr /Recruit/GI_Read/43363575?Oem_Code=C1&logpath=1&stext=키워드 데이터 분석&listno=271,신입·경력,서울,즉시지원
2023-11-30,㈜리얼클릭,[디지털마케팅] 광고 영업 신입(인턴) 모집,https://www.jobkorea.co.kr /Recruit/GI_Read/43355972?Oem_Code=C1&logpath=1&stext=키워드 데이터 분석&listno=272,신입,서울,즉시지원
2023-11-30,KFG,KFG 본사 영업지원팀 정규직 모집 (신입.경력),https://www.jobkorea.co.kr /Recruit/GI_Read/43355352?Oem_Code=C1&logpath=1&stext=키워드 데이터 분석&listno=273,경력무관,서울,즉시지원
2023-11-30,㈜제이슨컴퍼니,[워라벨 좋은기업] 마케팅기획/AE 직원 모집,https://www.jobkorea.co.kr /Recruit/GI_Read/43355100?Oem_Code=C1&logpath=1&stext=키워드 데이터 분석&listno=274,경력무관,서울,즉시지원
2023-11-30,탑클릭,하반기 각 부문별 정규직 채용 (마케팅 전략영업 / 마케팅 영업운영 / 마케팅 CS),https://www.jobkorea.co.kr /Recruit/GI_Read/43347241?Oem_Code=C1&logpath=1&stext=키워드 데이터 분석&listno=275,신입·경력3년↑,경기,즉시지원
2023-11-30,㈜소프트스피어,[인터랙티브 콘텐츠 프로덕션&플랫폼 ] 마케팅 직무 신입 및 경력 모집,https://www.jobkorea.co.kr /Recruit/GI_Read/43351810?Oem_Code=C1&logpath=1&stext=키워드 데이터 분석&listno=276,신입·경력,서울,즉시지원
2023-11-30,㈜미쁨생활건강,온라인 쇼핑몰 MD 팀원/팀장급 채용,https://www.jobkorea.co.kr /Recruit/GI_Read/43351117?Oem_Code=C1&logpath=1&stext=키워드 데이터 분석&listno=277,경력무관,부산,즉시지원
2023-11-30,피카몰,[피카몰] 온라인 마케터 / 퍼포먼스 마케팅 담당 채용,https://www.jobkorea.co.kr /Recruit/GI_Read/43346647?Oem_Code=C1&logpath=1&stext=키워드 데이터 분석&listno=278,경력2년↑,서울,즉시지원
2023-11-30,아이비알커머스,각 부문 홈쇼핑 기획/방송운영/바이럴 마케터/온라인AMD 정규직 채용,https://www.jobkorea.co.kr /Recruit/GI_Read/43334920?Oem_Code=C1&logpath=1&stext=키워드 데이터 분석&listno=279,신입·경력,서울,즉시지원
2023-11-30,㈜비엠에프앤비,(주)비엠에프앤비 2023년 하반기 경력직 정규직 채용(유류비 지원),https://www.jobkorea.co.kr /Recruit/GI_Read/43345560?Oem_Code=C1&logpath=1&stext=키워드 데이터 분석&listno=280,경력2년↑,충북,즉시지원
2023-11-30,주식회사 아트앤매니지먼트,브랜드 인하우스 기획 마케팅 / 온라인 광고 디지털 데이터 퍼포먼스,https://www.jobkorea.co.kr /Recruit/GI_Read/43345186?Oem_Code=C1&logpath=1&stext=키워드 데이터 분석&listno=281,신입·경력,서울,즉시지원
2023-11-30,㈜프로그레스미디어,[프로그레스미디어] 전문 마케터 채용 (신입가능 경력무관),https://www.jobkorea.co.kr /Recruit/GI_Read/43345134?Oem_Code=C1&logpath=1&stext=키워드 데이터 분석&listno=282,신입·경력,대전,즉시지원
2023-11-30,㈜메디랩스,[면접기프트콘 제공] 웹서비스기획 및 마케팅 경력직 채용,https://www.jobkorea.co.kr /Recruit/GI_Read/43344924?Oem_Code=C1&logpath=1&stext=키워드 데이터 분석&listno=283,경력2년↑,서울,즉시지원
2023-11-30,㈜VOC,유럽수입편집샵[온라인 영업 MD/온라인 쇼핑몰 AMD/브랜드 마케팅 SNS관리],https://www.jobkorea.co.kr /Recruit/GI_Read/43342482?Oem_Code=C1&logpath=1&stext=키워드 데이터 분석&listno=284,경력2년↑,서울,즉시지원
2023-11-30,㈜블렌디드,[D2C 커머스] `브랜드 마케터` 경력 채용,https://www.jobkorea.co.kr /Recruit/GI_Read/43342182?Oem_Code=C1&logpath=1&stext=키워드 데이터 분석&listno=285,경력2년↑,서울,홈페이지 지원
2023-11-30,㈜록스타뮤직앤라이브,[(주)록스타뮤직앤라이브] 매니지먼트팀 / 음반기획 A&R 채용 공고 (신입/경력),https://www.jobkorea.co.kr /Recruit/GI_Read/43341978?Oem_Code=C1&logpath=1&stext=키워드 데이터 분석&listno=286,신입·경력2년↑,서울,즉시지원
2023-11-30,㈜지오앤플랜,퍼포먼스팀/ 광고영업 각 부문 채용,https://www.jobkorea.co.kr /Recruit/GI_Read/43338536?Oem_Code=C1&logpath=1&stext=키워드 데이터 분석&listno=287,신입·경력,경기,즉시지원
2023-11-30,㈜포튼가먼트,자회사 가먼트골프 마케터 채용(경력),https://www.jobkorea.co.kr /Recruit/GI_Read/43337200?Oem_Code=C1&logpath=1&stext=키워드 데이터 분석&listno=288,경력8년↑,서울,즉시지원
2023-11-30,㈜베라금융서비스,부문별 본사[계약관리 및 FC인사/총무/회계/마케팅] 정규직 채용공고,https://www.jobkorea.co.kr /Recruit/GI_Read/43335401?Oem_Code=C1&logpath=1&stext=키워드 데이터 분석&listno=289,신입·경력1년↑,서울,즉시지원
2023-11-30,빅픽처팀,[빅픽처팀] 각 부문별 신입 및 경력 수시 채용(광고),https://www.jobkorea.co.kr /Recruit/GI_Read/43335781?Oem_Code=C1&logpath=1&stext=키워드 데이터 분석&listno=290,경력무관,서울,즉시지원
2023-11-30,㈜미래아이엔씨,신사옥/금요일17시퇴근/인센티브 광고대행사 영업사원 AE 채용,https://www.jobkorea.co.kr /Recruit/GI_Read/43333514?Oem_Code=C1&logpath=1&stext=키워드 데이터 분석&listno=291,경력무관,서울,즉시지원
2023-11-30,㈜미니레코드,[주식회사 미니레코드] 홍보마케팅 (신입경력) 인재 채용,https://www.jobkorea.co.kr /Recruit/GI_Read/43332697?Oem_Code=C1&logpath=1&stext=키워드 데이터 분석&listno=292,신입·경력3년↑,서울,즉시지원
2023-11-30,㈜예토토,마케터 경력직 채용,https://www.jobkorea.co.kr /Recruit/GI_Read/43331586?Oem_Code=C1&logpath=1&stext=키워드 데이터 분석&listno=293,경력,서울,즉시지원
2023-11-30,뉴트올로지,[건강한약속 바른] 건강 식품 부문별 대규모 채용(신입/경력),https://www.jobkorea.co.kr /Recruit/GI_Read/43329135?Oem_Code=C1&logpath=1&stext=키워드 데이터 분석&listno=294,신입·경력,서울,즉시지원
2023-11-30,워드캣,콘텐츠 마케터 모집 (기획 및 운영),https://www.jobkorea.co.kr /Recruit/GI_Read/43326857?Oem_Code=C1&logpath=1&stext=키워드 데이터 분석&listno=295,신입·경력,서울,즉시지원
2023-11-30,㈜ 플랫폼,2023 (주)플랫폼 온라인 MD 파트장(과/차장급) / MD(사원급) 채용,https://www.jobkorea.co.kr /Recruit/GI_Read/43323488?Oem_Code=C1&logpath=1&stext=키워드 데이터 분석&listno=296,신입·경력5년↑,서울,즉시지원
2023-11-30,비앤비,신규광고영업 및 컨설팅 담당 채용 [배달의민족 공식협력사/면접비지급],https://www.jobkorea.co.kr /Recruit/GI_Read/43323755?Oem_Code=C1&logpath=1&stext=키워드 데이터 분석&listno=297,신입·경력,경기,즉시지원
2023-11-30,땡큐성형외과의원,[땡큐성형외과] 글로벌사업부 총괄 채용,https://www.jobkorea.co.kr /Recruit/GI_Read/43323531?Oem_Code=C1&logpath=1&stext=키워드 데이터 분석&listno=298,경력5년↑,서울,즉시지원
2023-11-30,케이에스디엠엘,온라인 쇼핑몰 운영 담당자(마케팅 SNS 바이럴) 모집,https://www.jobkorea.co.kr /Recruit/GI_Read/43323307?Oem_Code=C1&logpath=1&stext=키워드 데이터 분석&listno=299,신입·경력,서울,즉시지원
2023-11-30,아이딕스,온라인쇼핑몰MDAMD / 디자인 / 세무경영지원 /속눈썹(뷰티) / 각 분야 채용,https://www.jobkorea.co.kr /Recruit/GI_Read/43321654?Oem_Code=C1&logpath=1&stext=키워드 데이터 분석&listno=300,신입·경력,서울,즉시지원
2023-11-30,㈜케이씨제이,[울산] 주식회사 케이씨제이 2023년 하반기 수시 채용 공고,https://www.jobkorea.co.kr /Recruit/GI_Read/43320358?Oem_Code=C1&logpath=1&stext=키워드 데이터 분석&listno=301,경력무관,울산,즉시지원
2023-11-30,㈜펜타컴,퍼포먼스 마케팅 신입 및 경력 채용공고,https://www.jobkorea.co.kr /Recruit/GI_Read/43318979?Oem_Code=C1&logpath=1&stext=키워드 데이터 분석&listno=302,신입·경력,서울,즉시지원
2023-11-30,㈜오오아,퍼포먼스 마케팅,https://www.jobkorea.co.kr /Recruit/GI_Read/43318917?Oem_Code=C1&logpath=1&stext=키워드 데이터 분석&listno=303,경력3년↑,인천,즉시지원
2023-11-30,㈜라이온코리아,디지털 마케터 모집(기획/운영),https://www.jobkorea.co.kr /Recruit/GI_Read/43317504?Oem_Code=C1&logpath=1&stext=키워드 데이터 분석&listno=304,경력무관,서울,즉시지원
2023-11-30,석세스모드,[전략마케팅팀] 콘텐츠 기획 외국인유학생 인턴 채용,https://www.jobkorea.co.kr /Recruit/GI_Read/43315304?Oem_Code=C1&logpath=1&stext=키워드 데이터 분석&listno=305,경력무관,경기,즉시지원
2023-11-30,카플스,[서울 구로구]  온라인 쇼핑몰 쇼셜 및 오픈마켓 MD 채용,https://www.jobkorea.co.kr /Recruit/GI_Read/43312973?Oem_Code=C1&logpath=1&stext=키워드 데이터 분석&listno=306,경력,서울,즉시지원
2023-11-30,㈜모아팩토리,온라인 콘텐츠 마케팅 기획 및 운영 인재 채용,https://www.jobkorea.co.kr /Recruit/GI_Read/43311561?Oem_Code=C1&logpath=1&stext=키워드 데이터 분석&listno=307,신입·경력,서울,즉시지원
2023-11-30,㈜한복남,(주)한복남 마케팅 경력직 모집합니다.,https://www.jobkorea.co.kr /Recruit/GI_Read/43311208?Oem_Code=C1&logpath=1&stext=키워드 데이터 분석&listno=308,경력1년↑,전북,즉시지원
2023-11-30,㈜플랜원컴퍼니,2023년도 광고영업팀 관리 신입/경력직 채용,https://www.jobkorea.co.kr /Recruit/GI_Read/43309830?Oem_Code=C1&logpath=1&stext=키워드 데이터 분석&listno=309,신입·경력,서울,즉시지원
2023-11-30,㈜아토베브코리아,바이럴마케팅 (멘토 배정 교육 진행) 사무보조 모집합니다.,https://www.jobkorea.co.kr /Recruit/GI_Read/43309942?Oem_Code=C1&logpath=1&stext=키워드 데이터 분석&listno=310,신입,서울,즉시지원
2023-11-30,㈜아토베브코리아,사무직 / 컨텐츠(문서관리) / 운영관리팀 신입 사원 모집,https://www.jobkorea.co.kr /Recruit/GI_Read/43309921?Oem_Code=C1&logpath=1&stext=키워드 데이터 분석&listno=311,신입,서울,즉시지원
2023-11-30,㈜에스티아이그룹,브랜드 스토어 및 온라인 쇼핑몰 영업팀 및 영업지원팀 직원모집,https://www.jobkorea.co.kr /Recruit/GI_Read/43308897?Oem_Code=C1&logpath=1&stext=키워드 데이터 분석&listno=312,경력2년↑,경기,즉시지원
2023-11-30,㈜코반산업,디자인 마케팅 영업 개발,https://www.jobkorea.co.kr /Recruit/GI_Read/43304654?Oem_Code=C1&logpath=1&stext=키워드 데이터 분석&listno=313,경력무관,경기,즉시지원
2023-11-30,신한라이프생명보험㈜,[공개채용/신입가능/경력무관/]신한라이프 영업조직관리 및 설계사 모집,https://www.jobkorea.co.kr /Recruit/GI_Read/43297104?Oem_Code=C1&logpath=1&stext=키워드 데이터 분석&listno=314,신입·경력,서울,즉시지원
2023-11-30,탑클릭,마케팅 전략 영업 정규직 채용,https://www.jobkorea.co.kr /Recruit/GI_Read/43287967?Oem_Code=C1&logpath=1&stext=키워드 데이터 분석&listno=315,신입·경력3년↑,경기,즉시지원
2023-11-30,탑클릭,마케팅 전략 영업관리 및 운영 영업지원 담당자 채용,https://www.jobkorea.co.kr /Recruit/GI_Read/43288093?Oem_Code=C1&logpath=1&stext=키워드 데이터 분석&listno=316,신입·경력3년↑,경기,즉시지원
2023-11-30,㈜다우바이오메디카,(주)다우바이오메디카 2023년도 하반기 마케팅 경력직원[정규직] 모집,https://www.jobkorea.co.kr /Recruit/GI_Read/43283935?Oem_Code=C1&logpath=1&stext=키워드 데이터 분석&listno=317,경력2년↑,서울,즉시지원
2023-11-30,㈜트라이업,[2023 하반기 공개채용] 마케팅팀(퍼포먼스 마케터/해외 마케터),https://www.jobkorea.co.kr /Recruit/GI_Read/43283142?Oem_Code=C1&logpath=1&stext=키워드 데이터 분석&listno=318,신입·경력,서울,즉시지원
2023-11-30,㈜클리프,[주4일근무]광고마케팅 영업에 자신있는 경력직마케터분 모집,https://www.jobkorea.co.kr /Recruit/GI_Read/43282950?Oem_Code=C1&logpath=1&stext=키워드 데이터 분석&listno=319,경력,서울,즉시지원
2023-11-30,㈜한국직업개발원,콘텐츠 / 퍼포먼스 마케터 경력 채용 (3년이상),https://www.jobkorea.co.kr /Recruit/GI_Read/43280772?Oem_Code=C1&logpath=1&stext=키워드 데이터 분석&listno=320,경력3년↑,서울,즉시지원
2023-11-30,㈜우아한,본사 부문별(브랜드기획/퍼포먼스마케터/CPA마케터/총괄MD/AMD/광고컨텐츠디자이너) 경력 채용,https://www.jobkorea.co.kr /Recruit/GI_Read/43278620?Oem_Code=C1&logpath=1&stext=키워드 데이터 분석&listno=321,경력1년↑,인천,즉시지원
2023-11-30,㈜써니기획,[브랜드 지주회사] 브랜드기획/퍼포먼스 마케터/CPA마케터/총괄MD/AMD/광고컨텐츠 디자이너,https://www.jobkorea.co.kr /Recruit/GI_Read/43278669?Oem_Code=C1&logpath=1&stext=키워드 데이터 분석&listno=322,경력1년↑,인천,즉시지원
2023-11-30,㈜올이즈웰,[국내 미디어 마케팅 회사] 디지털 퍼포먼스 마케터 경력직 채용,https://www.jobkorea.co.kr /Recruit/GI_Read/43277456?Oem_Code=C1&logpath=1&stext=키워드 데이터 분석&listno=323,경력3년↑,서울,즉시지원
2023-11-30,㈜에스씨에이아카데미 신촌,[SBS아카데미컴퓨터아트학원 홍대] 교육멘토(EM) 채용,https://www.jobkorea.co.kr /Recruit/GI_Read/43269176?Oem_Code=C1&logpath=1&stext=키워드 데이터 분석&listno=324,신입·경력,서울,즉시지원
2023-11-30,㈜인라이플,[주4.5일근무] 앱 운영 및 마케터 채용,https://www.jobkorea.co.kr /Recruit/GI_Read/43274116?Oem_Code=C1&logpath=1&stext=키워드 데이터 분석&listno=325,경력5년↑,서울,즉시지원
2023-11-30,에스제이씨오㈜,쿠쿠 온라인 공식총판 온라인팀 영업 MD 모집,https://www.jobkorea.co.kr /Recruit/GI_Read/43271821?Oem_Code=C1&logpath=1&stext=키워드 데이터 분석&listno=326,경력,서울,즉시지원
2023-11-30,위더스애드,[디지털종합광고대행사] 각 부문 AE / CW / AD / 경영지원 채용,https://www.jobkorea.co.kr /Recruit/GI_Read/43268077?Oem_Code=C1&logpath=1&stext=키워드 데이터 분석&listno=327,신입·경력,서울,즉시지원
2023-11-30,㈜비엠스마일,비엠스마일 대규모 [마케터] 채용(브랜드마케터/컨텐츠마케터),https://www.jobkorea.co.kr /Recruit/GI_Read/43260507?Oem_Code=C1&logpath=1&stext=키워드 데이터 분석&listno=328,신입·경력,서울,즉시지원
2023-11-30,㈜아이필로,펠드 2023 공개채용 ( 마케팅 온라인MD 웹디자인 회계 ),https://www.jobkorea.co.kr /Recruit/GI_Read/43259782?Oem_Code=C1&logpath=1&stext=키워드 데이터 분석&listno=329,경력2년↑,서울,즉시지원
2023-11-30,포스트모던,가구 온라인 쇼핑몰MD/오픈마켓/종합몰,https://www.jobkorea.co.kr /Recruit/GI_Read/43256234?Oem_Code=C1&logpath=1&stext=키워드 데이터 분석&listno=330,경력무관,서울,즉시지원
2023-11-30,그린컴퓨터아트학원,온라인 쇼핑몰 스마트스토어 강의 선생님 모집합니다,https://www.jobkorea.co.kr /Recruit/GI_Read/43255965?Oem_Code=C1&logpath=1&stext=키워드 데이터 분석&listno=331,경력1년↑,서울,즉시지원
2023-11-30,굿줄라이㈜,2023년 하반기 각 부문(온라인팀장MD마케터) 모집,https://www.jobkorea.co.kr /Recruit/GI_Read/43253679?Oem_Code=C1&logpath=1&stext=키워드 데이터 분석&listno=332,경력2년↑,경기,즉시지원
2023-11-30,리뷰플레이스,[기본급 / 인센티브] 콘텐츠마케팅 영업사원 채용,https://www.jobkorea.co.kr /Recruit/GI_Read/43253557?Oem_Code=C1&logpath=1&stext=키워드 데이터 분석&listno=333,신입·경력,서울,즉시지원
2023-11-30,㈜핫셀러,사무보조도 할 수 있는 인스타그램 광고주 영업/마케팅/기획/실행 업무,https://www.jobkorea.co.kr /Recruit/GI_Read/43253275?Oem_Code=C1&logpath=1&stext=키워드 데이터 분석&listno=334,경력무관,서울,즉시지원
2023-11-30,웰시투자그룹,[재택근무 투잡 알바] 바이럴 마케팅 네이버 카페 SNS 활동 작가 에디터 모집,https://www.jobkorea.co.kr /Recruit/GI_Read/43233170?Oem_Code=C1&logpath=1&stext=키워드 데이터 분석&listno=335,경력무관,서울,즉시지원
2023-11-30,㈜비타민광고기획,[배달의민족 공식협력사] 정규직 영업매니저 채용,https://www.jobkorea.co.kr /Recruit/GI_Read/43246447?Oem_Code=C1&logpath=1&stext=키워드 데이터 분석&listno=336,신입·경력,강원,즉시지원
2023-11-30,㈜케빈스룸,[굿즈제작전문기업] 케빈스룸 `브랜드 마케팅팀 마케팅 파트` 채용,https://www.jobkorea.co.kr /Recruit/GI_Read/43244757?Oem_Code=C1&logpath=1&stext=키워드 데이터 분석&listno=337,경력1년↑,경기,즉시지원
2023-11-30,㈜네이처스토리,온라인 AMD MD 보조 신입 및 경력사원 채용,https://www.jobkorea.co.kr /Recruit/GI_Read/43243277?Oem_Code=C1&logpath=1&stext=키워드 데이터 분석&listno=338,신입·경력,서울,즉시지원
2023-11-30,에듀플래너스,에듀플래너스 직원 채용 모집 (평생교육 및 유학 코딩 등의 교육컨텐츠 ),https://www.jobkorea.co.kr /Recruit/GI_Read/43242918?Oem_Code=C1&logpath=1&stext=키워드 데이터 분석&listno=339,경력무관,서울,즉시지원
2023-11-30,㈜에쓰에이,광고기획자 (AE)  채용 공고,https://www.jobkorea.co.kr /Recruit/GI_Read/43235878?Oem_Code=C1&logpath=1&stext=키워드 데이터 분석&listno=340,경력3년↑,서울,즉시지원
2023-11-30,㈜에스티아이그룹,[온라인쇼핑몰 발주 정산 영업관리] 온라인 쇼핑몰 영업팀 및 영업관리팀 직원모집,https://www.jobkorea.co.kr /Recruit/GI_Read/43220230?Oem_Code=C1&logpath=1&stext=키워드 데이터 분석&listno=341,경력2년↑,서울,즉시지원
2023-11-30,㈜에스티아이그룹,[코렐 네이버 및 온라인 쇼핑몰] 온라인 쇼핑몰 영업팀 및 영업관리팀 직원모집,https://www.jobkorea.co.kr /Recruit/GI_Read/43219895?Oem_Code=C1&logpath=1&stext=키워드 데이터 분석&listno=342,경력2년↑,서울,즉시지원
2023-11-30,㈜에스티아이그룹,[동국제약 네이버 브랜드스토어] 온라인 쇼핑몰 영업팀 및 영업관리팀 모집,https://www.jobkorea.co.kr /Recruit/GI_Read/43219323?Oem_Code=C1&logpath=1&stext=키워드 데이터 분석&listno=343,경력2년↑,서울,즉시지원
2023-11-30,㈜에스티아이그룹,[래핑카우 및 끼리 브랜드] 온라인 쇼핑몰 영업팀 및 영업관리팀 직원모집,https://www.jobkorea.co.kr /Recruit/GI_Read/43220127?Oem_Code=C1&logpath=1&stext=키워드 데이터 분석&listno=344,경력2년↑,경기,즉시지원
2023-11-30,다온.COME,[워라밸/칼퇴/복지좋음] 마케팅/체험단 관리 정규직 모집 (인천/서구),https://www.jobkorea.co.kr /Recruit/GI_Read/43226190?Oem_Code=C1&logpath=1&stext=키워드 데이터 분석&listno=345,신입·경력,인천,즉시지원
2023-11-30,㈜아이앤뷰커뮤니케이션,온라인마케팅 웹에이전시 마케팅 기획부 인원채용(연봉 2800-3600 이상),https://www.jobkorea.co.kr /Recruit/GI_Read/43224001?Oem_Code=C1&logpath=1&stext=키워드 데이터 분석&listno=346,신입·경력,서울,즉시지원
2023-11-30,㈜지엘엔인터내셔널,[하나금융그룹 자회사] 마케팅 신입 모집 (채용연계형 인턴),https://www.jobkorea.co.kr /Recruit/GI_Read/43223385?Oem_Code=C1&logpath=1&stext=키워드 데이터 분석&listno=347,신입,서울,홈페이지 지원
2023-11-30,참포도나무병원,마케터 경력직 채용,https://www.jobkorea.co.kr /Recruit/GI_Read/43221944?Oem_Code=C1&logpath=1&stext=키워드 데이터 분석&listno=348,경력1년↑,서울,즉시지원
2023-11-30,㈜피플벤처스,상담전문 플랫폼 퍼포먼스 마케팅 담당자 채용,https://www.jobkorea.co.kr /Recruit/GI_Read/43218936?Oem_Code=C1&logpath=1&stext=키워드 데이터 분석&listno=349,경력2년↑,서울,즉시지원
2023-11-30,티엠씨케이,마케팅 기획 / 브랜드 마케팅 기획 / 영상 콘텐츠 기획자 각 분야 모집,https://www.jobkorea.co.kr /Recruit/GI_Read/43200491?Oem_Code=C1&logpath=1&stext=키워드 데이터 분석&listno=350,경력1년↑,서울,즉시지원
2023-11-30,주식회사 더메종,리빙브랜드 마틸라 온라인 MD(입점몰)부문 [경력] 채용,https://www.jobkorea.co.kr /Recruit/GI_Read/43204713?Oem_Code=C1&logpath=1&stext=키워드 데이터 분석&listno=351,경력2년↑,서울,즉시지원
2023-11-30,오토매틱,[오토매틱] 브랜드 이벤트 팝업스토어 전시 기획 및 운영팀 경력직 채용,https://www.jobkorea.co.kr /Recruit/GI_Read/43213026?Oem_Code=C1&logpath=1&stext=키워드 데이터 분석&listno=352,경력2년↑,서울,즉시지원
2023-11-30,트리톤㈜,[웹디자이너 /BM/영상PD/재무/마케터/CS]하반기 각부문별 채용,https://www.jobkorea.co.kr /Recruit/GI_Read/43201903?Oem_Code=C1&logpath=1&stext=키워드 데이터 분석&listno=353,경력1년↑,서울,즉시지원
2023-11-30,㈜이데아코즈,(주)이데아코즈 2023년 각 부문 정규직 채용,https://www.jobkorea.co.kr /Recruit/GI_Read/43189882?Oem_Code=C1&logpath=1&stext=키워드 데이터 분석&listno=354,신입·경력,서울,즉시지원
2023-11-30,㈜점포라인,부동산 온라인중개업 [주간수당.출근 없는 자유업/교육기간3개월]신입경력 직원모집,https://www.jobkorea.co.kr /Recruit/GI_Read/43184232?Oem_Code=C1&logpath=1&stext=키워드 데이터 분석&listno=355,경력무관,서울,즉시지원
2023-11-30,㈜비엠크리에이티브컴퍼니,(주)비엠크리에이티브 영업·기획 마케터 신입/경력직 채용,https://www.jobkorea.co.kr /Recruit/GI_Read/43163662?Oem_Code=C1&logpath=1&stext=키워드 데이터 분석&listno=356,신입·경력,서울,즉시지원
2023-11-30,㈜일공일랩(101 LAB INC.),[신입/경력] 외국어교육서비스 `퍼포먼스마케터` 모집 :),https://www.jobkorea.co.kr /Recruit/GI_Read/43138246?Oem_Code=C1&logpath=1&stext=키워드 데이터 분석&listno=357,신입·경력,서울,즉시지원
2023-11-30,올라,[경력무관] 영업관리 및 영업사원 인재채용,https://www.jobkorea.co.kr /Recruit/GI_Read/43131093?Oem_Code=C1&logpath=1&stext=키워드 데이터 분석&listno=358,경력무관,경기,즉시지원
2023-11-30,주식회사 큐비스트,[페이스팩토리] 뷰티디바이스 `컨텐츠 마케터` 모집,https://www.jobkorea.co.kr /Recruit/GI_Read/43128601?Oem_Code=C1&logpath=1&stext=키워드 데이터 분석&listno=359,신입·경력,서울,즉시지원
2023-11-30,비앤에프(BnF),온라인마케팅 [신입/경력] 채용,https://www.jobkorea.co.kr /Recruit/GI_Read/43124438?Oem_Code=C1&logpath=1&stext=키워드 데이터 분석&listno=360,신입·경력,서울,즉시지원
2023-11-30,㈜에듀서브,[민트영어] 브랜드 채널 운영/관리 마케터 채용 (신입/경력),https://www.jobkorea.co.kr /Recruit/GI_Read/43121396?Oem_Code=C1&logpath=1&stext=키워드 데이터 분석&listno=361,경력무관,서울,즉시지원
2023-11-30,주식회사 링티,[(주)링티 IMC팀(마케팅) 퍼포먼스 마케터],https://www.jobkorea.co.kr /Recruit/GI_Read/43117380?Oem_Code=C1&logpath=1&stext=키워드 데이터 분석&listno=362,경력3년↑,서울,즉시지원
2023-11-30,수현㈜,제휴 영업 마케팅 담당자 채용,https://www.jobkorea.co.kr /Recruit/GI_Read/43099678?Oem_Code=C1&logpath=1&stext=키워드 데이터 분석&listno=363,경력,광주,즉시지원
2023-11-30,㈜율사이트,[ Yulsight ] 퍼포먼스 마케터 채용,https://www.jobkorea.co.kr /Recruit/GI_Read/43087184?Oem_Code=C1&logpath=1&stext=키워드 데이터 분석&listno=364,경력2년↑,서울,즉시지원
2023-11-30,홍창업,대기업 연봉 억까지 벌수있는 창업을 연구하는 홍창업 채용모집 (컨설팅분야 10명),https://www.jobkorea.co.kr /Recruit/GI_Read/43083991?Oem_Code=C1&logpath=1&stext=키워드 데이터 분석&listno=365,경력무관,서울,즉시지원
2023-11-30,스튜디오 초월,히읏 출판사에서 마케터를 찾습니다,https://www.jobkorea.co.kr /Recruit/GI_Read/43053861?Oem_Code=C1&logpath=1&stext=키워드 데이터 분석&listno=366,신입·경력,서울,즉시지원
2023-11-30,위더스애드,[디지털광고대행사] 전략기획 AE 채용,https://www.jobkorea.co.kr /Recruit/GI_Read/43053687?Oem_Code=C1&logpath=1&stext=키워드 데이터 분석&listno=367,신입·경력,서울,즉시지원
2023-11-30,월드종합상사,(주)월드크린 오픈마켓 웹디자이너 담당자 채용,https://www.jobkorea.co.kr /Recruit/GI_Read/43052320?Oem_Code=C1&logpath=1&stext=키워드 데이터 분석&listno=368,신입·경력1년↑,서울,즉시지원
2023-11-30,월드종합상사,(주)월드크린 온라인 쇼핑몰 광고 마케팅 및 인플루언서 & 마트 영업 담당자 채용,https://www.jobkorea.co.kr /Recruit/GI_Read/43052278?Oem_Code=C1&logpath=1&stext=키워드 데이터 분석&listno=369,신입·경력1년↑,서울,즉시지원
2023-11-30,다온.COME,미래를 꿈꾸는 에너지 넘치는 영업왕을 찾습니다,https://www.jobkorea.co.kr /Recruit/GI_Read/43041075?Oem_Code=C1&logpath=1&stext=키워드 데이터 분석&listno=370,경력,인천,즉시지원
2023-11-30,㈜휴먼비젼,[마케팅/교육산업/학점은행제](주)배움 마케팅팀 경력직 채용,https://www.jobkorea.co.kr /Recruit/GI_Read/43040792?Oem_Code=C1&logpath=1&stext=키워드 데이터 분석&listno=371,경력3년↑,서울,즉시지원
2023-11-30,㈜하이애드원,[광고대행사] 퍼포먼스 사업부 신입 및 경력자 신규 채용,https://www.jobkorea.co.kr /Recruit/GI_Read/43013303?Oem_Code=C1&logpath=1&stext=키워드 데이터 분석&listno=372,신입·경력3년↑,서울,즉시지원
2023-11-30,㈜선주코퍼레이션,[선주코퍼레이션] 2023 하반기 신입/경력직 채용,https://www.jobkorea.co.kr /Recruit/GI_Read/43012465?Oem_Code=C1&logpath=1&stext=키워드 데이터 분석&listno=373,신입·경력,서울,즉시지원
2023-11-30,플렌티,온라인 쇼핑몰 광고 및 인플루언서 및 마트 영업 담당,https://www.jobkorea.co.kr /Recruit/GI_Read/42990366?Oem_Code=C1&logpath=1&stext=키워드 데이터 분석&listno=374,경력무관,서울,즉시지원
2023-11-30,㈜피피비스튜디오스,[뷰티 플랫폼 서비스]서비스 기획 경력 채용,https://www.jobkorea.co.kr /Recruit/GI_Read/42985363?Oem_Code=C1&logpath=1&stext=키워드 데이터 분석&listno=375,신입·경력,서울,즉시지원
2023-11-30,㈜피피비스튜디오스,[신규플랫폼사업] IT서비스기획/사업전략기획 경력 채용,https://www.jobkorea.co.kr /Recruit/GI_Read/42985360?Oem_Code=C1&logpath=1&stext=키워드 데이터 분석&listno=376,신입·경력,서울,즉시지원
2023-11-30,㈜메디빌더,[시리즈A 메디컬 스타트업] 퍼포먼스마케터,https://www.jobkorea.co.kr /Recruit/GI_Read/42983102?Oem_Code=C1&logpath=1&stext=키워드 데이터 분석&listno=377,경력1년↑,서울,즉시지원
2023-11-30,㈜패스트뷰,퍼포먼스 마케터 (신입 / 사이닝 보너스 지급),https://www.jobkorea.co.kr /Recruit/GI_Read/43446098?Oem_Code=C1&logpath=1&stext=키워드 데이터 분석&listno=378,경력3년↑,서울,즉시지원
2023-11-30,㈜패스트뷰,퍼포먼스 마케터 (신입 / 사이닝 보너스 지급),https://www.jobkorea.co.kr /Recruit/GI_Read/43446128?Oem_Code=C1&logpath=1&stext=키워드 데이터 분석&listno=379,경력무관,서울,즉시지원
2023-11-30,㈜패스트뷰,퍼포먼스 마케터 (3년 이상 / 사이닝 보너스 지급),https://www.jobkorea.co.kr /Recruit/GI_Read/43446083?Oem_Code=C1&logpath=1&stext=키워드 데이터 분석&listno=380,경력3년↑,서울,즉시지원
